images,labels
LIVE/Honor 8A/replay_0001.jpeg,1
LIVE/Honor 8A/replay_0002.jpeg,1
LIVE/Honor 8A/replay_0003.jpeg,1
LIVE/Honor 8A/replay_0004.jpeg,0
LIVE/Honor 8A/replay_0005.jpeg,0
LIVE/Honor 8A/replay_0006.jpeg,1
LIVE/Honor 8A/replay_0007.jpeg,0
LIVE/Honor 8A/replay_0008.jpeg,1
LIVE/Honor 8A/replay_0009.jpeg,1
LIVE/Honor 8A/replay_0010.jpeg,1
LIVE/Honor 8A/replay_0011.jpeg,1
LIVE/Honor 8A/replay_0012.jpeg,1
LIVE/Honor 8A/replay_0013.jpeg,1
LIVE/Honor 8A/replay_0014.jpeg,1
LIVE/Honor 8A/replay_0015.jpeg,1
LIVE/Honor 8A/replay_0016.jpeg,1
LIVE/Honor 8A/replay_0017.jpeg,1
LIVE/Honor 8A/replay_0018.jpeg,1
LIVE/Honor 8A/replay_0019.jpeg,1
LIVE/Honor 8A/replay_0020.jpeg,1
LIVE/Honor 8A/replay_0021.jpeg,1
LIVE/Honor 8A/replay_0022.jpeg,1
LIVE/Honor 8A/replay_0023.jpeg,1
LIVE/Honor 8A/replay_0024.jpeg,1
LIVE/Honor 8A/replay_0025.jpeg,1
LIVE/Honor 8A/replay_0026.jpeg,1
LIVE/Honor 8A/replay_0027.jpeg,0
LIVE/Honor 8A/replay_0028.jpeg,0
LIVE/Honor 8A/replay_0029.jpeg,1
LIVE/Honor 8A/replay_0030.jpeg,1
LIVE/Honor 8A/replay_0031.jpeg,1
LIVE/Honor 8A/replay_0032.jpeg,1
LIVE/Honor 8A/replay_0033.jpeg,0
LIVE/Honor 8A/replay_0034.jpeg,1
LIVE/Honor 8A/replay_0035.jpeg,0
LIVE/Honor 8A/replay_0036.jpeg,0
LIVE/Honor 8A/replay_0037.jpeg,0
LIVE/Honor 8A/replay_0038.jpeg,0
LIVE/Honor 8A/replay_0039.jpeg,0
LIVE/Honor 8A/replay_0040.jpeg,0
LIVE/Honor 8A/replay_0041.jpeg,1
LIVE/Honor 8A/replay_0042.jpeg,1
LIVE/Honor 8A/replay_0043.jpeg,1
LIVE/Honor 8A/replay_0044.jpeg,1
LIVE/Honor 8A/replay_0045.jpeg,1
LIVE/Honor 8A/replay_0046.jpeg,1
LIVE/Honor 8A/replay_0047.jpeg,1
LIVE/Honor 8A/replay_0048.jpeg,0
LIVE/Honor 8A/replay_0049.jpeg,0
LIVE/Honor 8A/replay_0050.jpeg,0
LIVE/Honor 8A/replay_0051.jpeg,0
LIVE/Honor 8A/replay_0052.jpeg,0
LIVE/Honor 8A/replay_0053.jpeg,0
LIVE/Honor 8A/replay_0054.jpeg,0
LIVE/Honor 8A/replay_0055.jpeg,0
LIVE/Honor 8A/replay_0056.jpeg,0
LIVE/Honor 8A/replay_0057.jpeg,1
LIVE/Honor 8A/replay_0058.jpeg,1
LIVE/Honor 8A/replay_0059.jpeg,1
LIVE/Honor 8A/replay_0060.jpeg,1
LIVE/Honor 8A/replay_0061.jpeg,1
LIVE/Honor 8A/replay_0062.jpeg,1
LIVE/Honor 8A/replay_0063.jpeg,0
LIVE/Honor 8A/replay_0064.jpeg,1
LIVE/Honor 8A/replay_0065.jpeg,0
LIVE/Honor 8A/replay_0066.jpeg,1
LIVE/Honor 8A/replay_0067.jpeg,1
LIVE/Honor 8A/replay_0068.jpeg,0
LIVE/Honor 8A/replay_0069.jpeg,1
LIVE/Honor 8A/replay_0070.jpeg,0
LIVE/Honor 8A/replay_0071.jpeg,0
LIVE/Honor 8A/replay_0072.jpeg,0
LIVE/Honor 8A/replay_0073.jpeg,0
LIVE/Honor 8A/replay_0074.jpeg,1
LIVE/Honor 8A/replay_0075.jpeg,1
LIVE/Honor 8A/replay_0076.jpeg,1
LIVE/Honor 8A/replay_0077.jpeg,1
LIVE/Honor 8A/replay_0078.jpeg,0
LIVE/Honor 8A/replay_0079.jpeg,0
LIVE/Honor 8A/replay_0080.jpeg,0
LIVE/Honor 8A/replay_0081.jpeg,1
LIVE/Honor 8A/replay_0082.jpeg,0
LIVE/Honor 8A/replay_0083.jpeg,0
LIVE/Honor 8A/replay_0084.jpeg,0
LIVE/Honor 8A/replay_0085.jpeg,1
LIVE/Honor 8A/replay_0086.jpeg,1
LIVE/Honor 8A/replay_0087.jpeg,0
LIVE/Honor 8A/replay_0088.jpeg,0
LIVE/Honor 8A/replay_0089.jpeg,1
LIVE/Honor 8A/replay_0090.jpeg,1
LIVE/Honor 8A/replay_0091.jpeg,1
LIVE/Honor 8A/replay_0092.jpeg,0
LIVE/Honor 8A/replay_0093.jpeg,0
LIVE/Honor 8A/replay_0094.jpeg,1
LIVE/Honor 8A/replay_0095.jpeg,1
LIVE/Honor 8A/replay_0096.jpeg,0
LIVE/Honor 8A/replay_0097.jpeg,0
LIVE/Honor 8A/replay_0098.jpeg,0
LIVE/Honor 8A/replay_0099.jpeg,1
LIVE/Honor 8A/replay_0100.jpeg,1
LIVE/Honor 8A/replay_0101.jpeg,1
LIVE/Honor 8A/replay_0102.jpeg,0
LIVE/Honor 8A/replay_0103.jpeg,1
LIVE/Honor 8A/replay_0104.jpeg,1
LIVE/Honor 8A/replay_0105.jpeg,1
LIVE/Honor 8A/replay_0106.jpeg,1
LIVE/Honor 8A/replay_0107.jpeg,1
LIVE/Honor 8A/replay_0108.jpeg,1
LIVE/Honor 8A/replay_0109.jpeg,0
LIVE/Honor 8A/replay_0110.jpeg,1
LIVE/Honor 8A/replay_0111.jpeg,1
LIVE/Honor 8A/replay_0112.jpeg,0
LIVE/Honor 8A/replay_0113.jpeg,1
LIVE/Honor 8A/replay_0114.jpeg,1
LIVE/Honor 8A/replay_0115.jpeg,1
LIVE/Honor 8A/replay_0116.jpeg,1
LIVE/Honor 8A/replay_0117.jpeg,0
LIVE/Honor 8A/replay_0118.jpeg,1
LIVE/Honor 8A/replay_0119.jpeg,1
LIVE/Honor 8A/replay_0120.jpeg,1
LIVE/Honor 8A/replay_0121.jpeg,1
LIVE/Honor 8A/replay_0122.jpeg,1
LIVE/Honor 8A/replay_0123.jpeg,1
LIVE/Honor 8A/replay_0124.jpeg,1
LIVE/Honor 8A/replay_0125.jpeg,0
LIVE/Honor 8A/replay_0126.jpeg,0
LIVE/Honor 8A/replay_0127.jpeg,1
LIVE/Honor 8A/replay_0128.jpeg,1
LIVE/Honor 8A/replay_0129.jpeg,1
LIVE/Honor 8A/replay_0130.jpeg,0
LIVE/Honor 8A/replay_0131.jpeg,1
LIVE/Honor 8A/replay_0132.jpeg,1
LIVE/Honor 8A/replay_0133.jpeg,1
LIVE/Honor 8A/replay_0134.jpeg,0
LIVE/Honor 8A/replay_0135.jpeg,1
LIVE/Honor 8A/replay_0136.jpeg,1
LIVE/Honor 8A/replay_0137.jpeg,0
LIVE/Honor 8A/replay_0138.jpeg,0
LIVE/Honor 8A/replay_0139.jpeg,0
LIVE/Honor 8A/replay_0140.jpeg,1
LIVE/Honor 8A/replay_0141.jpeg,1
LIVE/Honor 8A/replay_0142.jpeg,0
LIVE/Honor 8A/replay_0143.jpeg,0
LIVE/Honor 8A/replay_0144.jpeg,1
LIVE/Honor 8A/replay_0145.jpeg,1
LIVE/Honor 8A/replay_0146.jpeg,1
LIVE/Honor 8A/replay_0147.jpeg,1
LIVE/Honor 8A/replay_0148.jpeg,1
LIVE/Honor 8A/replay_0149.jpeg,1
LIVE/Honor 8A/replay_0150.jpeg,1
LIVE/Honor 8A/replay_0151.jpeg,1
LIVE/Honor 8A/replay_0152.jpeg,0
LIVE/Honor 8A/replay_0153.jpeg,1
LIVE/Honor 8A/replay_0154.jpeg,0
LIVE/Honor 8A/replay_0155.jpeg,0
LIVE/Honor 8A/replay_0156.jpeg,0
LIVE/Honor 8A/replay_0157.jpeg,0
LIVE/Honor 8A/replay_0158.jpeg,0
LIVE/Honor 8A/replay_0159.jpeg,0
LIVE/Honor 8A/replay_0160.jpeg,0
LIVE/Honor 8A/replay_0161.jpeg,1
LIVE/Honor 8A/replay_0162.jpeg,1
LIVE/Honor 8A/replay_0163.jpeg,0
LIVE/Honor 8A/replay_0164.jpeg,0
LIVE/Honor 8A/replay_0165.jpeg,0
LIVE/Honor 8A/replay_0166.jpeg,0
LIVE/Honor 8A/replay_0167.jpeg,1
LIVE/Honor 8A/replay_0168.jpeg,1
LIVE/Honor 8A/replay_0169.jpeg,0
LIVE/Honor 8A/replay_0170.jpeg,1
LIVE/Honor 8A/replay_0171.jpeg,1
LIVE/Honor 8A/replay_0172.jpeg,1
LIVE/Honor 8A/replay_0173.jpeg,1
LIVE/Honor 8A/replay_0174.jpeg,1
LIVE/Honor 8A/replay_0175.jpeg,1
LIVE/Honor 8A/replay_0176.jpeg,1
LIVE/Honor 8A/replay_0177.jpeg,0
LIVE/Honor 8A/replay_0178.jpeg,1
LIVE/Honor 8A/replay_0179.jpeg,1
LIVE/Honor 8A/replay_0180.jpeg,1
LIVE/Honor 8A/replay_0181.jpeg,1
LIVE/Honor 8A/replay_0182.jpeg,1
LIVE/Honor 8A/replay_0183.jpeg,1
LIVE/Honor 8A/replay_0184.jpeg,0
LIVE/Honor 8A/replay_0185.jpeg,1
LIVE/Honor 8A/replay_0186.jpeg,1
LIVE/Honor 8A/replay_0187.jpeg,1
LIVE/Honor 8A/replay_0188.jpeg,1
LIVE/Honor 8A/replay_0189.jpeg,0
LIVE/Honor 8A/replay_0190.jpeg,1
LIVE/Honor 8A/replay_0191.jpeg,0
LIVE/Honor 8A/replay_0192.jpeg,1
LIVE/Honor 8A/replay_0193.jpeg,1
LIVE/Honor 8A/replay_0194.jpeg,1
LIVE/Honor 8A/replay_0195.jpeg,1
LIVE/Honor 8A/replay_0196.jpeg,1
LIVE/Honor 8A/replay_0197.jpeg,0
LIVE/Honor 8A/replay_0198.jpeg,1
LIVE/Honor 8A/replay_0199.jpeg,1
LIVE/Honor 8A/replay_0200.jpeg,1
LIVE/Honor 8A/replay_0201.jpeg,0
LIVE/Honor 8A/replay_0202.jpeg,1
LIVE/Honor 8A/replay_0203.jpeg,1
LIVE/Honor 8A/replay_0204.jpeg,0
LIVE/Honor 8A/replay_0205.jpeg,1
LIVE/Honor 8A/replay_0206.jpeg,0
LIVE/Honor 8A/replay_0207.jpeg,0
LIVE/Honor 8A/replay_0208.jpeg,0
LIVE/Honor 8A/replay_0209.jpeg,0
LIVE/Honor 8A/replay_0210.jpeg,0
LIVE/Honor 8A/replay_0211.jpeg,0
LIVE/Honor 8A/replay_0212.jpeg,1
LIVE/Honor 8A/replay_0213.jpeg,1
LIVE/Honor 8A/replay_0214.jpeg,0
LIVE/Honor 8A/replay_0215.jpeg,0
LIVE/Honor 8A/replay_0216.jpeg,0
LIVE/Honor 8A/replay_0217.jpeg,1
LIVE/Honor 8A/replay_0218.jpeg,0
LIVE/Honor 8A/replay_0219.jpeg,0
LIVE/Honor 8A/replay_0220.jpeg,0
LIVE/Honor 8A/replay_0221.jpeg,0
LIVE/Honor 8A/replay_0222.jpeg,0
LIVE/Honor 8A/replay_0223.jpeg,0
LIVE/Honor 8A/replay_0224.jpeg,0
LIVE/Honor 8A/replay_0225.jpeg,0
LIVE/Honor 8A/replay_0226.jpeg,0
LIVE/Honor 8A/replay_0227.jpeg,0
LIVE/Honor 8A/replay_0228.jpeg,0
LIVE/Honor 8A/replay_0229.jpeg,1
LIVE/Honor 8A/replay_0230.jpeg,1
LIVE/Honor 8A/replay_0231.jpeg,1
LIVE/Honor 8A/replay_0232.jpeg,1
LIVE/Honor 8A/replay_0233.jpeg,1
LIVE/Honor 8A/replay_0234.jpeg,0
LIVE/Honor 8A/replay_0235.jpeg,1
LIVE/Honor 8A/replay_0236.jpeg,1
LIVE/Honor 8A/replay_0237.jpeg,0
LIVE/Honor 8A/replay_0238.jpeg,0
LIVE/Honor 8A/replay_0239.jpeg,1
LIVE/Honor 8A/replay_0240.jpeg,0
LIVE/Honor 8A/replay_0241.jpeg,1
LIVE/Honor 8A/replay_0242.jpeg,0
LIVE/Honor 8A/replay_0243.jpeg,1
LIVE/Honor 8A/replay_0244.jpeg,1
LIVE/Honor 8A/replay_0245.jpeg,1
LIVE/Honor 8A/replay_0246.jpeg,0
LIVE/Honor 8A/replay_0247.jpeg,0
LIVE/Honor 8A/replay_0248.jpeg,0
LIVE/Honor 8A/replay_0249.jpeg,1
LIVE/Honor 8A/replay_0250.jpeg,0
LIVE/Honor 8A/replay_0251.jpeg,1
LIVE/Honor 8A/replay_0252.jpeg,0
LIVE/Honor 8A/replay_0253.jpeg,1
LIVE/Honor 8A/replay_0254.jpeg,0
LIVE/Honor 8A/replay_0255.jpeg,1
LIVE/Honor 8A/replay_0256.jpeg,0
LIVE/Honor 8A/replay_0257.jpeg,1
LIVE/Honor 8A/replay_0258.jpeg,0
LIVE/Honor 8A/replay_0259.jpeg,1
LIVE/Honor 8A/replay_0260.jpeg,0
LIVE/Honor 8A/replay_0261.jpeg,1
LIVE/Honor 8A/replay_0262.jpeg,0
LIVE/Honor 8A/replay_0263.jpeg,1
LIVE/Honor 8A/replay_0264.jpeg,0
LIVE/Honor 8A/replay_0265.jpeg,1
LIVE/Honor 8A/replay_0266.jpeg,0
LIVE/Honor 8A/replay_0267.jpeg,1
LIVE/Honor 8A/replay_0268.jpeg,1
LIVE/Honor 8A/replay_0269.jpeg,1
LIVE/Honor 8A/replay_0270.jpeg,0
LIVE/Honor 8A/replay_0271.jpeg,1
LIVE/Honor 8A/replay_0272.jpeg,0
LIVE/Honor 8A/replay_0273.jpeg,1
LIVE/Honor 8A/replay_0274.jpeg,0
LIVE/Honor 8A/replay_0275.jpeg,1
LIVE/Honor 8A/replay_0276.jpeg,0
LIVE/Honor 8A/replay_0277.jpeg,0
LIVE/Honor 8A/replay_0278.jpeg,1
LIVE/Honor 8A/replay_0279.jpeg,0
LIVE/Honor 8A/replay_0280.jpeg,1
LIVE/Honor 8A/replay_0281.jpeg,0
LIVE/Honor 8A/replay_0282.jpeg,1
LIVE/Honor 8A/replay_0283.jpeg,1
LIVE/Honor 8A/replay_0284.jpeg,1
LIVE/Honor 8A/replay_0285.jpeg,1
LIVE/Honor 8A/replay_0286.jpeg,1
LIVE/Honor 8A/replay_0287.jpeg,1
LIVE/Honor 8A/replay_0288.jpeg,1
LIVE/Honor 8A/replay_0289.jpeg,1
LIVE/Honor 8A/replay_0290.jpeg,1
LIVE/Honor 8A/replay_0291.jpeg,1
LIVE/Honor 8A/replay_0292.jpeg,1
LIVE/Honor 8A/replay_0293.jpeg,0
LIVE/Honor 8A/replay_0294.jpeg,0
LIVE/Honor 8A/replay_0295.jpeg,1
LIVE/Honor 8A/replay_0296.jpeg,1
LIVE/Honor 8A/replay_0297.jpeg,1
LIVE/Honor 8A/replay_0298.jpeg,0
LIVE/Honor 8A/replay_0299.jpeg,1
LIVE/Honor 8A/replay_0300.jpeg,1
LIVE/Honor 8A/replay_0301.jpeg,0
LIVE/Honor 8A/replay_0302.jpeg,1
LIVE/Honor 8A/replay_0303.jpeg,1
LIVE/Honor 8A/replay_0304.jpeg,0
LIVE/Honor 8A/replay_0305.jpeg,0
LIVE/Honor 8A/replay_0306.jpeg,1
LIVE/Honor 8A/replay_0307.jpeg,1
LIVE/Honor 8A/replay_0308.jpeg,1
LIVE/Honor 8A/replay_0309.jpeg,0
LIVE/Honor 8A/replay_0310.jpeg,1
LIVE/Honor 8A/replay_0311.jpeg,0
LIVE/Honor 8A/replay_0312.jpeg,1
LIVE/Honor 8A/replay_0313.jpeg,1
LIVE/Honor 8A/replay_0314.jpeg,0
LIVE/Honor 8A/replay_0315.jpeg,1
LIVE/Honor 8A/replay_0316.jpeg,1
LIVE/Honor 8A/replay_0317.jpeg,1
LIVE/Honor 8A/replay_0318.jpeg,1
LIVE/Honor 8A/replay_0319.jpeg,1
LIVE/Honor 8A/replay_0320.jpeg,0
LIVE/Honor 8A/replay_0321.jpeg,1
LIVE/Honor 8A/replay_0322.jpeg,1
LIVE/Honor 8A/replay_0323.jpeg,0
LIVE/Honor 8A/replay_0324.jpeg,0
LIVE/Honor 8A/replay_0325.jpeg,0
LIVE/Honor 8A/replay_0326.jpeg,0
LIVE/Honor 8A/replay_0327.jpeg,0
LIVE/Huawei P30 Lite/replay_0328.jpeg,1
LIVE/Huawei P30 Lite/replay_0329.jpeg,1
LIVE/Huawei P30 Lite/replay_0330.jpeg,0
LIVE/Huawei P30 Lite/replay_0331.jpeg,0
LIVE/Huawei P30 Lite/replay_0332.jpeg,0
LIVE/Huawei P30 Lite/replay_0333.jpeg,1
LIVE/Huawei P30 Lite/replay_0334.jpeg,1
LIVE/Huawei P30 Lite/replay_0335.jpeg,1
LIVE/Huawei P30 Lite/replay_0336.jpeg,1
LIVE/Huawei P30 Lite/replay_0337.jpeg,1
LIVE/Huawei P30 Lite/replay_0338.jpeg,1
LIVE/Huawei P30 Lite/replay_0339.jpeg,1
LIVE/Huawei P30 Lite/replay_0340.jpeg,1
LIVE/Huawei P30 Lite/replay_0341.jpeg,1
LIVE/Huawei P30 Lite/replay_0342.jpeg,1
LIVE/Huawei P30 Lite/replay_0343.jpeg,1
LIVE/Huawei P30 Lite/replay_0344.jpeg,1
LIVE/Huawei P30 Lite/replay_0345.jpeg,1
LIVE/Huawei P30 Lite/replay_0346.jpeg,1
LIVE/Huawei P30 Lite/replay_0347.jpeg,1
LIVE/Huawei P30 Lite/replay_0348.jpeg,1
LIVE/Huawei P30 Lite/replay_0349.jpeg,1
LIVE/Huawei P30 Lite/replay_0350.jpeg,1
LIVE/Huawei P30 Lite/replay_0351.jpeg,0
LIVE/Huawei P30 Lite/replay_0352.jpeg,1
LIVE/Huawei P30 Lite/replay_0353.jpeg,0
LIVE/Huawei P30 Lite/replay_0354.jpeg,1
LIVE/Huawei P30 Lite/replay_0355.jpeg,1
LIVE/Huawei P30 Lite/replay_0356.jpeg,1
LIVE/Huawei P30 Lite/replay_0357.jpeg,1
LIVE/Huawei P30 Lite/replay_0358.jpeg,1
LIVE/Huawei P30 Lite/replay_0359.jpeg,1
LIVE/Huawei P30 Lite/replay_0360.jpeg,1
LIVE/Huawei P30 Lite/replay_0361.jpeg,1
LIVE/Huawei P30 Lite/replay_0362.jpeg,1
LIVE/Huawei P30 Lite/replay_0363.jpeg,1
LIVE/Huawei P30 Lite/replay_0364.jpeg,1
LIVE/Huawei P30 Lite/replay_0365.jpeg,1
LIVE/Huawei P30 Lite/replay_0366.jpeg,0
LIVE/Huawei P30 Lite/replay_0367.jpeg,1
LIVE/Huawei P30 Lite/replay_0368.jpeg,1
LIVE/Huawei P30 Lite/replay_0369.jpeg,1
LIVE/Huawei P30 Lite/replay_0370.jpeg,1
LIVE/Huawei P30 Lite/replay_0371.jpeg,1
LIVE/Huawei P30 Lite/replay_0372.jpeg,0
LIVE/Huawei P30 Lite/replay_0373.jpeg,1
LIVE/Huawei P30 Lite/replay_0374.jpeg,1
LIVE/Huawei P30 Lite/replay_0375.jpeg,1
LIVE/Huawei P30 Lite/replay_0376.jpeg,0
LIVE/Huawei P30 Lite/replay_0377.jpeg,1
LIVE/Huawei P30 Lite/replay_0378.jpeg,1
LIVE/Huawei P30 Lite/replay_0379.jpeg,0
LIVE/Huawei P30 Lite/replay_0380.jpeg,1
LIVE/Huawei P30 Lite/replay_0381.jpeg,0
LIVE/Huawei P30 Lite/replay_0382.jpeg,1
LIVE/Huawei P30 Lite/replay_0383.jpeg,1
LIVE/Huawei P30 Lite/replay_0384.jpeg,0
LIVE/Huawei P30 Lite/replay_0385.jpeg,0
LIVE/Huawei P30 Lite/replay_0386.jpeg,1
LIVE/Huawei P30 Lite/replay_0387.jpeg,1
LIVE/Huawei P30 Lite/replay_0388.jpeg,1
LIVE/Huawei P30 Lite/replay_0389.jpeg,1
LIVE/Huawei P30 Lite/replay_0390.jpeg,0
LIVE/Huawei P30 Lite/replay_0391.jpeg,1
LIVE/Huawei P30 Lite/replay_0392.jpeg,1
LIVE/Huawei P30 Lite/replay_0393.jpeg,1
LIVE/Huawei P30 Lite/replay_0394.jpeg,0
LIVE/Huawei P30 Lite/replay_0395.jpeg,1
LIVE/Huawei P30 Lite/replay_0396.jpeg,1
LIVE/Huawei P30 Lite/replay_0397.jpeg,1
LIVE/Huawei P30 Lite/replay_0398.jpeg,1
LIVE/Huawei P30 Lite/replay_0399.jpeg,1
LIVE/Huawei P30 Lite/replay_0400.jpeg,1
LIVE/Huawei P30 Lite/replay_0401.jpeg,1
LIVE/Huawei P30 Lite/replay_0402.jpeg,0
LIVE/Huawei P30 Lite/replay_0403.jpeg,1
LIVE/Huawei P30 Lite/replay_0404.jpeg,1
LIVE/Huawei P30 Lite/replay_0405.jpeg,0
LIVE/Huawei P30 Lite/replay_0406.jpeg,1
LIVE/Huawei P30 Lite/replay_0407.jpeg,1
LIVE/Huawei P30 Lite/replay_0408.jpeg,0
LIVE/Huawei P30 Lite/replay_0409.jpeg,0
LIVE/Huawei P30 Lite/replay_0410.jpeg,1
LIVE/Huawei P30 Lite/replay_0411.jpeg,0
LIVE/Huawei P30 Lite/replay_0412.jpeg,0
LIVE/Huawei P30 Lite/replay_0413.jpeg,1
LIVE/Huawei P30 Lite/replay_0414.jpeg,1
LIVE/Samsung Galaxy J3/replay_0415.jpeg,1
LIVE/Samsung Galaxy J3/replay_0416.jpeg,1
LIVE/Samsung Galaxy J3/replay_0417.jpeg,1
LIVE/Samsung Galaxy J3/replay_0418.jpeg,1
LIVE/Samsung Galaxy J3/replay_0419.jpeg,1
LIVE/Samsung Galaxy J3/replay_0420.jpeg,0
LIVE/Samsung Galaxy J3/replay_0421.jpeg,1
LIVE/Samsung Galaxy J3/replay_0422.jpeg,1
LIVE/Samsung Galaxy J3/replay_0423.jpeg,1
LIVE/Samsung Galaxy J3/replay_0424.jpeg,1
LIVE/Samsung Galaxy J3/replay_0425.jpeg,1
LIVE/Samsung Galaxy J3/replay_0426.jpeg,1
LIVE/Samsung Galaxy J3/replay_0427.jpeg,1
LIVE/Samsung Galaxy J3/replay_0428.jpeg,1
LIVE/Samsung Galaxy J3/replay_0429.jpeg,1
LIVE/Samsung Galaxy J3/replay_0430.jpeg,1
LIVE/Samsung Galaxy J3/replay_0431.jpeg,1
LIVE/Samsung Galaxy J3/replay_0432.jpeg,1
LIVE/Samsung Galaxy J3/replay_0433.jpeg,1
LIVE/Samsung Galaxy J3/replay_0434.jpeg,1
LIVE/Samsung Galaxy J3/replay_0435.jpeg,1
LIVE/Samsung Galaxy J3/replay_0436.jpeg,1
LIVE/Samsung Galaxy J3/replay_0437.jpeg,1
LIVE/Samsung Galaxy J3/replay_0438.jpeg,1
LIVE/Samsung Galaxy J3/replay_0439.jpeg,1
LIVE/Samsung Galaxy J3/replay_0440.jpeg,1
LIVE/Samsung Galaxy J3/replay_0441.jpeg,1
LIVE/Samsung Galaxy J3/replay_0442.jpeg,1
LIVE/Samsung Galaxy J3/replay_0443.jpeg,1
LIVE/Samsung Galaxy J3/replay_0444.jpeg,1
LIVE/Samsung Galaxy J3/replay_0445.jpeg,1
LIVE/Samsung Galaxy J3/replay_0446.jpeg,1
LIVE/Samsung Galaxy J3/replay_0447.jpeg,1
LIVE/Samsung Galaxy J3/replay_0448.jpeg,1
LIVE/Samsung Galaxy J3/replay_0449.jpeg,1
LIVE/Samsung Galaxy J3/replay_0450.jpeg,1
LIVE/Samsung Galaxy J3/replay_0451.jpeg,1
LIVE/Samsung Galaxy J3/replay_0452.jpeg,1
LIVE/Samsung Galaxy J3/replay_0453.jpeg,1
LIVE/Samsung Galaxy J3/replay_0454.jpeg,0
LIVE/Samsung Galaxy J3/replay_0455.jpeg,0
LIVE/Samsung Galaxy J3/replay_0456.jpeg,1
LIVE/Samsung Galaxy J3/replay_0457.jpeg,1
LIVE/Samsung Galaxy J3/replay_0458.jpeg,1
LIVE/Samsung Galaxy J3/replay_0459.jpeg,1
LIVE/Samsung Galaxy J3/replay_0460.jpeg,1
LIVE/Samsung Galaxy J3/replay_0461.jpeg,1
LIVE/Samsung Galaxy J3/replay_0462.jpeg,0
LIVE/Samsung Galaxy J3/replay_0463.jpeg,1
LIVE/Samsung Galaxy J3/replay_0464.jpeg,1
LIVE/Samsung Galaxy J3/replay_0465.jpeg,1
LIVE/Samsung Galaxy J3/replay_0466.jpeg,1
LIVE/Samsung Galaxy J3/replay_0467.jpeg,1
LIVE/Samsung Galaxy J3/replay_0468.jpeg,1
LIVE/Samsung Galaxy J3/replay_0469.jpeg,1
LIVE/Samsung Galaxy J3/replay_0470.jpeg,1
LIVE/Samsung Galaxy J3/replay_0471.jpeg,0
LIVE/Samsung Galaxy J3/replay_0472.jpeg,0
LIVE/Samsung Galaxy J3/replay_0473.jpeg,0
LIVE/Samsung Galaxy J3/replay_0474.jpeg,1
LIVE/Samsung Galaxy J3/replay_0475.jpeg,1
LIVE/Samsung Galaxy J3/replay_0476.jpeg,1
LIVE/Samsung Galaxy J3/replay_0477.jpeg,0
LIVE/Samsung Galaxy J3/replay_0478.jpeg,1
LIVE/Samsung Galaxy J3/replay_0479.jpeg,1
LIVE/Samsung Galaxy J3/replay_0480.jpeg,1
LIVE/Samsung Galaxy J3/replay_0481.jpeg,1
LIVE/Samsung Galaxy J3/replay_0482.jpeg,1
LIVE/Samsung Galaxy J3/replay_0483.jpeg,1
LIVE/Samsung Galaxy J3/replay_0484.jpeg,1
LIVE/Samsung Galaxy J3/replay_0485.jpeg,1
LIVE/Samsung Galaxy J3/replay_0486.jpeg,1
LIVE/Samsung Galaxy J3/replay_0487.jpeg,1
LIVE/Samsung Galaxy J3/replay_0488.jpeg,1
LIVE/Samsung Galaxy J3/replay_0489.jpeg,1
LIVE/Samsung Galaxy J3/replay_0490.jpeg,1
LIVE/Samsung Galaxy J3/replay_0491.jpeg,1
LIVE/Samsung Galaxy J3/replay_0492.jpeg,1
LIVE/Samsung Galaxy J3/replay_0493.jpeg,1
LIVE/Samsung Galaxy J3/replay_0494.jpeg,1
LIVE/Samsung Galaxy J3/replay_0495.jpeg,1
LIVE/Samsung Galaxy J3/replay_0496.jpeg,1
LIVE/Samsung Galaxy J3/replay_0497.jpeg,1
REPLAY/Honor 8A by Samsung Galaxy J3/replay_0498.jpeg,1
REPLAY/Honor 8A by Samsung Galaxy J3/replay_0499.jpeg,1
REPLAY/Honor 8A by Samsung Galaxy J3/replay_0500.jpeg,1
REPLAY/Honor 8A by Samsung Galaxy J3/replay_0501.jpeg,0
REPLAY/Honor 8A by Samsung Galaxy J3/replay_0502.jpeg,1
REPLAY/Honor 8A by Samsung Galaxy J3/replay_0503.jpeg,1
REPLAY/Honor 8A by Samsung Galaxy J3/replay_0504.jpeg,1
REPLAY/Honor 8A by Samsung Galaxy J3/replay_0505.jpeg,1
REPLAY/Honor 8A by Samsung Galaxy J3/replay_0506.jpeg,1
REPLAY/Honor 8A by Samsung Galaxy J3/replay_0507.jpeg,1
REPLAY/Honor 8A by Samsung Galaxy J3/replay_0508.jpeg,1
REPLAY/Honor 8A by Samsung Galaxy J3/replay_0509.jpeg,
REPLAY/Honor 8A by Samsung Galaxy J3/replay_0510.jpeg,
REPLAY/Honor 8A by Samsung Galaxy J3/replay_0511.jpeg,
REPLAY/Honor 8A by Samsung Galaxy J3/replay_0512.jpeg,
REPLAY/Honor 8A by Samsung Galaxy J3/replay_0513.jpeg,
REPLAY/Honor 8A by Samsung Galaxy J3/replay_0514.jpeg,
REPLAY/Honor 8A by Samsung Galaxy J3/replay_0515.jpeg,
REPLAY/Honor 8A by Samsung Galaxy J3/replay_0516.jpeg,
REPLAY/Honor 8A by Samsung Galaxy J3/replay_0517.jpeg,
REPLAY/Honor 8A by Samsung Galaxy J3/replay_0518.jpeg,
REPLAY/Honor 8A by Samsung Galaxy J3/replay_0519.jpeg,
REPLAY/Honor 8A by Samsung Galaxy J3/replay_0520.jpeg,
REPLAY/Honor 8A by Samsung Galaxy J3/replay_0521.jpeg,
REPLAY/Honor 8A by Samsung Galaxy J3/replay_0522.jpeg,
REPLAY/Honor 8A by Samsung Galaxy J3/replay_0523.jpeg,
REPLAY/Honor 8A by Samsung Galaxy J3/replay_0524.jpeg,
REPLAY/Honor 8A by Samsung Galaxy J3/replay_0525.jpeg,
REPLAY/Honor 8A by Samsung Galaxy J3/replay_0526.jpeg,
REPLAY/Honor 8A by Samsung Galaxy J3/replay_0527.jpeg,
REPLAY/Honor 8A by Samsung Galaxy J3/replay_0528.jpeg,
REPLAY/Honor 8A by Samsung Galaxy J3/replay_0529.jpeg,
REPLAY/Honor 8A by Samsung Galaxy J3/replay_0530.jpeg,
REPLAY/Honor 8A by Samsung Galaxy J3/replay_0531.jpeg,
REPLAY/Honor 8A by Samsung Galaxy J3/replay_0532.jpeg,
REPLAY/Honor 8A by Samsung Galaxy J3/replay_0533.jpeg,
REPLAY/Honor 8A by Samsung Galaxy J3/replay_0534.jpeg,
REPLAY/Honor 8A by Samsung Galaxy J3/replay_0535.jpeg,
REPLAY/Honor 8A by Samsung Galaxy J3/replay_0536.jpeg,
REPLAY/Honor 8A by Samsung Galaxy J3/replay_0537.jpeg,
REPLAY/Honor 8A by Samsung Galaxy J3/replay_0538.jpeg,
REPLAY/Honor 8A by Samsung Galaxy J3/replay_0539.jpeg,
REPLAY/Honor 8A by Samsung Galaxy J3/replay_0540.jpeg,
REPLAY/Honor 8A by Samsung Galaxy J3/replay_0541.jpeg,
REPLAY/Honor 8A by Samsung Galaxy J3/replay_0542.jpeg,
REPLAY/Honor 8A by Samsung Galaxy J3/replay_0543.jpeg,
REPLAY/Honor 8A by Samsung Galaxy J3/replay_0544.jpeg,
REPLAY/Honor 8A by Samsung Galaxy J3/replay_0545.jpeg,
REPLAY/Honor 8A by Samsung Galaxy J3/replay_0546.jpeg,
REPLAY/Honor 8A by Samsung Galaxy J3/replay_0547.jpeg,
REPLAY/Honor 8A by Samsung Galaxy J3/replay_0548.jpeg,
REPLAY/Honor 8A by Samsung Galaxy J3/replay_0549.jpeg,
REPLAY/Honor 8A by Samsung Galaxy J3/replay_0550.jpeg,
REPLAY/Honor 8A by Samsung Galaxy J3/replay_0551.jpeg,
REPLAY/Honor 8A by Samsung Galaxy J3/replay_0552.jpeg,
REPLAY/Honor 8A by Samsung Galaxy J3/replay_0553.jpeg,
REPLAY/Honor 8A by Samsung Galaxy J3/replay_0554.jpeg,
REPLAY/Honor 8A by Samsung Galaxy J3/replay_0555.jpeg,
REPLAY/Honor 8A by Samsung Galaxy J3/replay_0556.jpeg,
REPLAY/Honor 8A by Samsung Galaxy J3/replay_0557.jpeg,
REPLAY/Honor 8A by Samsung Galaxy J3/replay_0558.jpeg,
REPLAY/Honor 8A by Samsung Galaxy J3/replay_0559.jpeg,
REPLAY/Honor 8A by Samsung Galaxy J3/replay_0560.jpeg,
REPLAY/Honor 8A by Samsung Galaxy J3/replay_0561.jpeg,
REPLAY/Honor 8A by Samsung Galaxy J3/replay_0562.jpeg,
REPLAY/Honor 8A by Samsung Galaxy J3/replay_0563.jpeg,
REPLAY/Honor 8A by Samsung Galaxy J3/replay_0564.jpeg,
REPLAY/Honor 8A by Samsung Galaxy J3/replay_0565.jpeg,
REPLAY/Honor 8A by Samsung Galaxy J3/replay_0566.jpeg,
REPLAY/Honor 8A by Samsung Galaxy J3/replay_0567.jpeg,
REPLAY/Honor 8A by Samsung Galaxy J3/replay_0568.jpeg,
REPLAY/Honor 8A by Samsung Galaxy J3/replay_0569.jpeg,
REPLAY/Honor 8A by Samsung Galaxy J3/replay_0570.jpeg,
REPLAY/Honor 8A by Samsung Galaxy J3/replay_0571.jpeg,
REPLAY/Honor 8A by Samsung Galaxy J3/replay_0572.jpeg,
REPLAY/Honor 8A by Samsung Galaxy J3/replay_0573.jpeg,
REPLAY/Honor 8A by Samsung Galaxy J3/replay_0574.jpeg,
REPLAY/Honor 8A by Samsung Galaxy J3/replay_0575.jpeg,
REPLAY/Honor 8A by Samsung Galaxy J3/replay_0576.jpeg,
REPLAY/Honor 8A by Samsung Galaxy J3/replay_0577.jpeg,
REPLAY/Honor 8A by Samsung Galaxy J3/replay_0578.jpeg,
REPLAY/Honor 8A by Samsung Galaxy J3/replay_0579.jpeg,
REPLAY/Honor 8A by Samsung Galaxy J3/replay_0580.jpeg,
REPLAY/Honor 8A by Samsung Galaxy J3/replay_0581.jpeg,
REPLAY/Honor 8A by Samsung Galaxy J3/replay_0582.jpeg,
REPLAY/Honor 8A by Samsung Galaxy J3/replay_0583.jpeg,
REPLAY/Honor 8A by Samsung Galaxy J3/replay_0584.jpeg,
REPLAY/Honor 8A by Samsung Galaxy J3/replay_0585.jpeg,
REPLAY/Honor 8A by Samsung Galaxy J3/replay_0586.jpeg,
REPLAY/Honor 8A by Samsung Galaxy J3/replay_0587.jpeg,
REPLAY/Honor 8A by Samsung Galaxy J3/replay_0588.jpeg,
REPLAY/Honor 8A by Samsung Galaxy J3/replay_0589.jpeg,
REPLAY/Honor 8A by Samsung Galaxy J3/replay_0590.jpeg,
REPLAY/Honor 8A by Samsung Galaxy J3/replay_0591.jpeg,
REPLAY/Honor 8A by Samsung Galaxy J3/replay_0592.jpeg,
REPLAY/Honor 8A by Samsung Galaxy J3/replay_0593.jpeg,
REPLAY/Honor 8A by Samsung Galaxy J3/replay_0594.jpeg,
REPLAY/Honor 8A by Samsung Galaxy J3/replay_0595.jpeg,
REPLAY/Honor 8A by Samsung Galaxy J3/replay_0596.jpeg,
REPLAY/Honor 8A by Samsung Galaxy J3/replay_0597.jpeg,
REPLAY/Honor 8A by Samsung Galaxy J3/replay_0598.jpeg,
REPLAY/Honor 8A by Samsung Galaxy J3/replay_0599.jpeg,
REPLAY/Honor 8A by Samsung Galaxy J3/replay_0600.jpeg,
REPLAY/Honor 8A by Samsung Galaxy J3/replay_0601.jpeg,
REPLAY/Honor 8A by Samsung Galaxy J3/replay_0602.jpeg,
REPLAY/Honor 8A by Samsung Galaxy J3/replay_0603.jpeg,
REPLAY/Honor 8A by Samsung Galaxy J3/replay_0604.jpeg,
REPLAY/Honor 8A by Samsung Galaxy J3/replay_0605.jpeg,
REPLAY/Honor 8A by Samsung Galaxy J3/replay_0606.jpeg,
REPLAY/Honor 8A by Samsung Galaxy J3/replay_0607.jpeg,
REPLAY/Honor 8A by Samsung Galaxy J3/replay_0608.jpeg,
REPLAY/Honor 8A by Samsung Galaxy J3/replay_0609.jpeg,
REPLAY/Honor 8A by Samsung Galaxy J3/replay_0610.jpeg,
REPLAY/Honor 8A by Samsung Galaxy J3/replay_0611.jpeg,
REPLAY/Honor 8A by Samsung Galaxy J3/replay_0612.jpeg,
REPLAY/Honor 8A by Samsung Galaxy J3/replay_0613.jpeg,
REPLAY/Honor 8A by Samsung Galaxy J3/replay_0614.jpeg,
REPLAY/Honor 8A by Samsung Galaxy J3/replay_0615.jpeg,
REPLAY/Honor 8A by Samsung Galaxy J3/replay_0616.jpeg,
REPLAY/Honor 8A by Samsung Galaxy J3/replay_0617.jpeg,
REPLAY/Honor 8A by Samsung Galaxy J3/replay_0618.jpeg,
REPLAY/Honor 8A by Samsung Galaxy J3/replay_0619.jpeg,
REPLAY/Honor 8A by Samsung Galaxy J3/replay_0620.jpeg,
REPLAY/Honor 8A by Samsung Galaxy J3/replay_0621.jpeg,
REPLAY/Honor 8A by Samsung Galaxy J3/replay_0622.jpeg,
REPLAY/Honor 8A by Samsung Galaxy J3/replay_0623.jpeg,
REPLAY/Honor 8A by Samsung Galaxy J3/replay_0624.jpeg,
REPLAY/Honor 8A by Samsung Galaxy J3/replay_0625.jpeg,
REPLAY/Honor 8A by Samsung Galaxy J3/replay_0626.jpeg,
REPLAY/Huawei P30 Lite by Honor 8A/replay_0627.jpeg,
REPLAY/Huawei P30 Lite by Honor 8A/replay_0628.jpeg,
REPLAY/Huawei P30 Lite by Honor 8A/replay_0629.jpeg,
REPLAY/Huawei P30 Lite by Honor 8A/replay_0630.jpeg,
REPLAY/Huawei P30 Lite by Honor 8A/replay_0631.jpeg,
REPLAY/Huawei P30 Lite by Honor 8A/replay_0632.jpeg,
REPLAY/Huawei P30 Lite by Honor 8A/replay_0633.jpeg,
REPLAY/Huawei P30 Lite by Honor 8A/replay_0634.jpeg,
REPLAY/Huawei P30 Lite by Honor 8A/replay_0635.jpeg,
REPLAY/Huawei P30 Lite by Honor 8A/replay_0636.jpeg,
REPLAY/Huawei P30 Lite by Honor 8A/replay_0637.jpeg,
REPLAY/Huawei P30 Lite by Honor 8A/replay_0638.jpeg,
REPLAY/Huawei P30 Lite by Honor 8A/replay_0639.jpeg,
REPLAY/Huawei P30 Lite by Honor 8A/replay_0640.jpeg,
REPLAY/Huawei P30 Lite by Honor 8A/replay_0641.jpeg,
REPLAY/Huawei P30 Lite by Honor 8A/replay_0642.jpeg,
REPLAY/Huawei P30 Lite by Honor 8A/replay_0643.jpeg,
REPLAY/Huawei P30 Lite by Honor 8A/replay_0644.jpeg,
REPLAY/Huawei P30 Lite by Honor 8A/replay_0645.jpeg,
REPLAY/Huawei P30 Lite by Honor 8A/replay_0646.jpeg,
REPLAY/Huawei P30 Lite by Honor 8A/replay_0647.jpeg,
REPLAY/Huawei P30 Lite by Honor 8A/replay_0648.jpeg,
REPLAY/Huawei P30 Lite by Honor 8A/replay_0649.jpeg,
REPLAY/Huawei P30 Lite by Honor 8A/replay_0650.jpeg,
REPLAY/Huawei P30 Lite by Honor 8A/replay_0651.jpeg,
REPLAY/Huawei P30 Lite by Honor 8A/replay_0652.jpeg,
REPLAY/Huawei P30 Lite by Honor 8A/replay_0653.jpeg,
REPLAY/Huawei P30 Lite by Honor 8A/replay_0654.jpeg,
REPLAY/Huawei P30 Lite by Honor 8A/replay_0655.jpeg,
REPLAY/Huawei P30 Lite by Honor 8A/replay_0656.jpeg,
REPLAY/Huawei P30 Lite by Honor 8A/replay_0657.jpeg,
REPLAY/Huawei P30 Lite by Honor 8A/replay_0658.jpeg,
REPLAY/Huawei P30 Lite by Honor 8A/replay_0659.jpeg,
REPLAY/Huawei P30 Lite by Honor 8A/replay_0660.jpeg,
REPLAY/Huawei P30 Lite by Honor 8A/replay_0661.jpeg,
REPLAY/Huawei P30 Lite by Honor 8A/replay_0662.jpeg,
REPLAY/Huawei P30 Lite by Honor 8A/replay_0663.jpeg,
REPLAY/Huawei P30 Lite by Honor 8A/replay_0664.jpeg,
REPLAY/Huawei P30 Lite by Honor 8A/replay_0665.jpeg,
REPLAY/Huawei P30 Lite by Honor 8A/replay_0666.jpeg,
REPLAY/Huawei P30 Lite by Honor 8A/replay_0667.jpeg,
REPLAY/Huawei P30 Lite by Honor 8A/replay_0668.jpeg,
REPLAY/Huawei P30 Lite by Honor 8A/replay_0669.jpeg,
REPLAY/Huawei P30 Lite by Honor 8A/replay_0670.jpeg,
REPLAY/Huawei P30 Lite by Honor 8A/replay_0671.jpeg,
REPLAY/Huawei P30 Lite by Honor 8A/replay_0672.jpeg,
REPLAY/Huawei P30 Lite by Honor 8A/replay_0673.jpeg,
REPLAY/Huawei P30 Lite by Honor 8A/replay_0674.jpeg,
REPLAY/Huawei P30 Lite by Honor 8A/replay_0675.jpeg,
REPLAY/Huawei P30 Lite by Honor 8A/replay_0676.jpeg,
REPLAY/Huawei P30 Lite by Honor 8A/replay_0677.jpeg,
REPLAY/Huawei P30 Lite by Honor 8A/replay_0678.jpeg,
REPLAY/Huawei P30 Lite by Honor 8A/replay_0679.jpeg,
REPLAY/Huawei P30 Lite by Honor 8A/replay_0680.jpeg,
REPLAY/Huawei P30 Lite by Honor 8A/replay_0681.jpeg,
REPLAY/Huawei P30 Lite by Honor 8A/replay_0682.jpeg,
REPLAY/Huawei P30 Lite by Honor 8A/replay_0683.jpeg,
REPLAY/Huawei P30 Lite by Honor 8A/replay_0684.jpeg,
REPLAY/Huawei P30 Lite by Honor 8A/replay_0685.jpeg,
REPLAY/Huawei P30 Lite by Honor 8A/replay_0686.jpeg,
REPLAY/Huawei P30 Lite by Honor 8A/replay_0687.jpeg,
REPLAY/Huawei P30 Lite by Honor 8A/replay_0688.jpeg,
REPLAY/Huawei P30 Lite by Honor 8A/replay_0689.jpeg,
REPLAY/Huawei P30 Lite by Honor 8A/replay_0690.jpeg,
REPLAY/Huawei P30 Lite by Honor 8A/replay_0691.jpeg,
REPLAY/Huawei P30 Lite by Honor 8A/replay_0692.jpeg,
REPLAY/Huawei P30 Lite by Honor 8A/replay_0693.jpeg,
REPLAY/Huawei P30 Lite by Honor 8A/replay_0694.jpeg,
REPLAY/Huawei P30 Lite by Honor 8A/replay_0695.jpeg,
REPLAY/Huawei P30 Lite by Honor 8A/replay_0696.jpeg,
REPLAY/Huawei P30 Lite by Honor 8A/replay_0697.jpeg,
REPLAY/Huawei P30 Lite by Honor 8A/replay_0698.jpeg,
REPLAY/Huawei P30 Lite by Honor 8A/replay_0699.jpeg,
REPLAY/Huawei P30 Lite by Honor 8A/replay_0700.jpeg,
REPLAY/Huawei P30 Lite by Honor 8A/replay_0701.jpeg,
REPLAY/Huawei P30 Lite by Honor 8A/replay_0702.jpeg,
REPLAY/Huawei P30 Lite by Honor 8A/replay_0703.jpeg,
REPLAY/Huawei P30 Lite by Honor 8A/replay_0704.jpeg,
REPLAY/Huawei P30 Lite by Honor 8A/replay_0705.jpeg,
REPLAY/Huawei P30 Lite by Honor 8A/replay_0706.jpeg,
REPLAY/Huawei P30 Lite by Honor 8A/replay_0707.jpeg,
REPLAY/Huawei P30 Lite by Honor 8A/replay_0708.jpeg,
REPLAY/Huawei P30 Lite by Honor 8A/replay_0709.jpeg,
REPLAY/Huawei P30 Lite by Honor 8A/replay_0710.jpeg,
REPLAY/Huawei P30 Lite by Honor 8A/replay_0711.jpeg,
REPLAY/Huawei P30 Lite by Honor 8A/replay_0712.jpeg,
REPLAY/Huawei P30 Lite by Honor 8A/replay_0713.jpeg,
REPLAY/Huawei P30 Lite by Honor 8A/replay_0714.jpeg,
REPLAY/Huawei P30 Lite by Honor 8A/replay_0715.jpeg,
REPLAY/Huawei P30 Lite by Honor 8A/replay_0716.jpeg,
REPLAY/Lenovo ThinkBook 15 G2 by Honor 8A/replay_0717.jpeg,
REPLAY/Lenovo ThinkBook 15 G2 by Honor 8A/replay_0718.jpeg,
REPLAY/Lenovo ThinkBook 15 G2 by Honor 8A/replay_0719.jpeg,
REPLAY/Lenovo ThinkBook 15 G2 by Honor 8A/replay_0720.jpeg,
REPLAY/Lenovo ThinkBook 15 G2 by Honor 8A/replay_0721.jpeg,
REPLAY/Lenovo ThinkBook 15 G2 by Honor 8A/replay_0722.jpeg,
REPLAY/Lenovo ThinkBook 15 G2 by Honor 8A/replay_0723.jpeg,
REPLAY/Lenovo ThinkBook 15 G2 by Honor 8A/replay_0724.jpeg,
REPLAY/Lenovo ThinkBook 15 G2 by Honor 8A/replay_0725.jpeg,
REPLAY/Lenovo ThinkBook 15 G2 by Honor 8A/replay_0726.jpeg,
REPLAY/Lenovo ThinkBook 15 G2 by Honor 8A/replay_0727.jpeg,
REPLAY/Lenovo ThinkBook 15 G2 by Honor 8A/replay_0728.jpeg,
REPLAY/Lenovo ThinkBook 15 G2 by Honor 8A/replay_0729.jpeg,
REPLAY/Lenovo ThinkBook 15 G2 by Honor 8A/replay_0730.jpeg,
REPLAY/Lenovo ThinkBook 15 G2 by Honor 8A/replay_0731.jpeg,
REPLAY/Lenovo ThinkBook 15 G2 by Honor 8A/replay_0732.jpeg,
REPLAY/Lenovo ThinkBook 15 G2 by Honor 8A/replay_0733.jpeg,
REPLAY/Lenovo ThinkBook 15 G2 by Honor 8A/replay_0734.jpeg,
REPLAY/Lenovo ThinkBook 15 G2 by Honor 8A/replay_0735.jpeg,
REPLAY/Lenovo ThinkBook 15 G2 by Honor 8A/replay_0736.jpeg,
REPLAY/Lenovo ThinkBook 15 G2 by Honor 8A/replay_0737.jpeg,
REPLAY/Lenovo ThinkBook 15 G2 by Honor 8A/replay_0738.jpeg,
REPLAY/Lenovo ThinkBook 15 G2 by Honor 8A/replay_0739.jpeg,
REPLAY/Lenovo ThinkBook 15 G2 by Honor 8A/replay_0740.jpeg,
REPLAY/Lenovo ThinkBook 15 G2 by Honor 8A/replay_0741.jpeg,
REPLAY/Lenovo ThinkBook 15 G2 by Honor 8A/replay_0742.jpeg,
REPLAY/Lenovo ThinkBook 15 G2 by Honor 8A/replay_0743.jpeg,
REPLAY/Lenovo ThinkBook 15 G2 by Honor 8A/replay_0744.jpeg,
REPLAY/Lenovo ThinkBook 15 G2 by Honor 8A/replay_0745.jpeg,
REPLAY/Lenovo ThinkBook 15 G2 by Honor 8A/replay_0746.jpeg,
REPLAY/Lenovo ThinkBook 15 G2 by Honor 8A/replay_0747.jpeg,
REPLAY/Lenovo ThinkBook 15 G2 by Honor 8A/replay_0748.jpeg,
REPLAY/Lenovo ThinkBook 15 G2 by Honor 8A/replay_0749.jpeg,
REPLAY/Lenovo ThinkBook 15 G2 by Honor 8A/replay_0750.jpeg,
REPLAY/Lenovo ThinkBook 15 G2 by Honor 8A/replay_0751.jpeg,
REPLAY/Lenovo ThinkBook 15 G2 by Honor 8A/replay_0752.jpeg,
REPLAY/Lenovo ThinkBook 15 G2 by Honor 8A/replay_0753.jpeg,
REPLAY/Lenovo ThinkBook 15 G2 by Honor 8A/replay_0754.jpeg,
REPLAY/Lenovo ThinkBook 15 G2 by Honor 8A/replay_0755.jpeg,
REPLAY/Lenovo ThinkBook 15 G2 by Honor 8A/replay_0756.jpeg,
REPLAY/Lenovo ThinkBook 15 G2 by Honor 8A/replay_0757.jpeg,
REPLAY/Lenovo ThinkBook 15 G2 by Honor 8A/replay_0758.jpeg,
REPLAY/Lenovo ThinkBook 15 G2 by Honor 8A/replay_0759.jpeg,
REPLAY/Lenovo ThinkBook 15 G2 by Honor 8A/replay_0760.jpeg,
REPLAY/Lenovo ThinkBook 15 G2 by Honor 8A/replay_0761.jpeg,
REPLAY/Lenovo ThinkBook 15 G2 by Honor 8A/replay_0762.jpeg,
REPLAY/Lenovo ThinkBook 15 G2 by Honor 8A/replay_0763.jpeg,
REPLAY/Lenovo ThinkBook 15 G2 by Honor 8A/replay_0764.jpeg,
REPLAY/Lenovo ThinkBook 15 G2 by Honor 8A/replay_0765.jpeg,
REPLAY/Lenovo ThinkBook 15 G2 by Honor 8A/replay_0766.jpeg,
REPLAY/Lenovo ThinkBook 15 G2 by Honor 8A/replay_0767.jpeg,
REPLAY/Lenovo ThinkBook 15 G2 by Honor 8A/replay_0768.jpeg,
REPLAY/Lenovo ThinkBook 15 G2 by Honor 8A/replay_0769.jpeg,
REPLAY/Lenovo ThinkBook 15 G2 by Honor 8A/replay_0770.jpeg,
REPLAY/Lenovo ThinkBook 15 G2 by Honor 8A/replay_0771.jpeg,
REPLAY/Lenovo ThinkBook 15 G2 by Honor 8A/replay_0772.jpeg,
REPLAY/Lenovo ThinkBook 15 G2 by Honor 8A/replay_0773.jpeg,
REPLAY/Lenovo ThinkBook 15 G2 by Honor 8A/replay_0774.jpeg,
REPLAY/Lenovo ThinkBook 15 G2 by Honor 8A/replay_0775.jpeg,
REPLAY/Lenovo ThinkBook 15 G2 by Honor 8A/replay_0776.jpeg,
REPLAY/Lenovo ThinkBook 15 G2 by Honor 8A/replay_0777.jpeg,
REPLAY/Lenovo ThinkBook 15 G2 by Honor 8A/replay_0778.jpeg,
REPLAY/Lenovo ThinkBook 15 G2 by Honor 8A/replay_0779.jpeg,
REPLAY/Lenovo ThinkBook 15 G2 by Honor 8A/replay_0780.jpeg,
REPLAY/Lenovo ThinkBook 15 G2 by Honor 8A/replay_0781.jpeg,
REPLAY/Lenovo ThinkBook 15 G2 by Honor 8A/replay_0782.jpeg,
REPLAY/Lenovo ThinkBook 15 G2 by Honor 8A/replay_0783.jpeg,
REPLAY/Lenovo ThinkBook 15 G2 by Honor 8A/replay_0784.jpeg,
REPLAY/Lenovo ThinkBook 15 G2 by Honor 8A/replay_0785.jpeg,
REPLAY/Lenovo ThinkBook 15 G2 by Honor 8A/replay_0786.jpeg,
REPLAY/Lenovo ThinkBook 15 G2 by Honor 8A/replay_0787.jpeg,
REPLAY/Lenovo ThinkBook 15 G2 by Honor 8A/replay_0788.jpeg,
REPLAY/Lenovo ThinkBook 15 G2 by Honor 8A/replay_0789.jpeg,
REPLAY/Lenovo ThinkBook 15 G2 by Honor 8A/replay_0790.jpeg,
REPLAY/Lenovo ThinkBook 15 G2 by Honor 8A/replay_0791.jpeg,
REPLAY/Lenovo ThinkBook 15 G2 by Honor 8A/replay_0792.jpeg,
REPLAY/Lenovo ThinkBook 15 G2 by Honor 8A/replay_0793.jpeg,
REPLAY/Lenovo ThinkBook 15 G2 by Honor 8A/replay_0794.jpeg,
REPLAY/Lenovo ThinkBook 15 G2 by Honor 8A/replay_0795.jpeg,
REPLAY/Lenovo ThinkBook 15 G2 by Honor 8A/replay_0796.jpeg,
REPLAY/Lenovo ThinkBook 15 G2 by Honor 8A/replay_0797.jpeg,
REPLAY/Lenovo ThinkBook 15 G2 by Honor 8A/replay_0798.jpeg,
REPLAY/Lenovo ThinkBook 15 G2 by Honor 8A/replay_0799.jpeg,
REPLAY/Lenovo ThinkBook 15 G2 by Honor 8A/replay_0800.jpeg,
REPLAY/Lenovo ThinkBook 15 G2 by Honor 8A/replay_0801.jpeg,
REPLAY/Lenovo ThinkBook 15 G2 by Honor 8A/replay_0802.jpeg,
REPLAY/Lenovo ThinkBook 15 G2 by Honor 8A/replay_0803.jpeg,
REPLAY/Lenovo ThinkBook 15 G2 by Honor 8A/replay_0804.jpeg,
REPLAY/Lenovo ThinkBook 15 G2 by Honor 8A/replay_0805.jpeg,
REPLAY/Lenovo ThinkBook 15 G2 by Honor 8A/replay_0806.jpeg,
REPLAY/Lenovo ThinkBook 15 G2 by Honor 8A/replay_0807.jpeg,
REPLAY/Lenovo ThinkBook 15 G2 by Honor 8A/replay_0808.jpeg,
REPLAY/Lenovo ThinkBook 15 G2 by Honor 8A/replay_0809.jpeg,
REPLAY/Lenovo ThinkBook 15 G2 by Honor 8A/replay_0810.jpeg,
REPLAY/Lenovo ThinkBook 15 G2 by Honor 8A/replay_0811.jpeg,
REPLAY/Lenovo ThinkBook 15 G2 by Honor 8A/replay_0812.jpeg,
REPLAY/Lenovo ThinkBook 15 G2 by Honor 8A/replay_0813.jpeg,
REPLAY/Lenovo ThinkBook 15 G2 by Honor 8A/replay_0814.jpeg,
REPLAY/Lenovo ThinkBook 15 G2 by Honor 8A/replay_0815.jpeg,
REPLAY/Lenovo ThinkBook 15 G2 by Honor 8A/replay_0816.jpeg,
REPLAY/Lenovo ThinkBook 15 G2 by Honor 8A/replay_0817.jpeg,
REPLAY/Lenovo ThinkBook 15 G2 by Honor 8A/replay_0818.jpeg,
REPLAY/Lenovo ThinkBook 15 G2 by Honor 8A/replay_0819.jpeg,
REPLAY/Lenovo ThinkBook 15 G2 by Honor 8A/replay_0820.jpeg,
REPLAY/Lenovo ThinkBook 15 G2 by Honor 8A/replay_0821.jpeg,
REPLAY/Lenovo ThinkBook 15 G2 by Honor 8A/replay_0822.jpeg,
REPLAY/Lenovo ThinkBook 15 G2 by Honor 8A/replay_0823.jpeg,
REPLAY/Lenovo ThinkBook 15 G2 by Honor 8A/replay_0824.jpeg,
REPLAY/Lenovo ThinkBook 15 G2 by Honor 8A/replay_0825.jpeg,
REPLAY/Lenovo ThinkBook 15 G2 by Honor 8A/replay_0826.jpeg,
REPLAY/Lenovo ThinkBook 15 G2 by Honor 8A/replay_0827.jpeg,
REPLAY/Lenovo ThinkBook 15 G2 by Honor 8A/replay_0828.jpeg,
REPLAY/Lenovo ThinkBook 15 G2 by Honor 8A/replay_0829.jpeg,
REPLAY/Lenovo ThinkBook 15 G2 by Honor 8A/replay_0830.jpeg,
REPLAY/Lenovo ThinkBook 15 G2 by Honor 8A/replay_0831.jpeg,
REPLAY/Lenovo ThinkBook 15 G2 by Honor 8A/replay_0832.jpeg,
REPLAY/Lenovo ThinkBook 15 G2 by Honor 8A/replay_0833.jpeg,
REPLAY/Lenovo ThinkBook 15 G2 by Honor 8A/replay_0834.jpeg,
REPLAY/Lenovo ThinkBook 15 G2 by Honor 8A/replay_0835.jpeg,
REPLAY/Lenovo ThinkBook 15 G2 by Honor 8A/replay_0836.jpeg,
REPLAY/Lenovo ThinkBook 15 G2 by Honor 8A/replay_0837.jpeg,
REPLAY/Lenovo ThinkBook 15 G2 by Honor 8A/replay_0838.jpeg,
REPLAY/Lenovo ThinkBook 15 G2 by Honor 8A/replay_0839.jpeg,
REPLAY/Lenovo ThinkBook 15 G2 by Honor 8A/replay_0840.jpeg,
REPLAY/Lenovo ThinkBook 15 G2 by Honor 8A/replay_0841.jpeg,
REPLAY/Lenovo ThinkBook 15 G2 by Honor 8A/replay_0842.jpeg,
REPLAY/Lenovo ThinkBook 15 G2 by Honor 8A/replay_0843.jpeg,
REPLAY/Lenovo ThinkBook 15 G2 by Honor 8A/replay_0844.jpeg,
REPLAY/Lenovo ThinkBook 15 G2 by Honor 8A/replay_0845.jpeg,
REPLAY/Lenovo ThinkBook 15 G2 by Honor 8A/replay_0846.jpeg,
REPLAY/Lenovo ThinkBook 15 G2 by Honor 8A/replay_0847.jpeg,
REPLAY/Lenovo ThinkBook 15 G2 by Honor 8A/replay_0848.jpeg,
REPLAY/Lenovo ThinkBook 15 G2 by Honor 8A/replay_0849.jpeg,
REPLAY/Lenovo ThinkBook 15 G2 by Honor 8A/replay_0850.jpeg,
REPLAY/Lenovo ThinkBook 15 G2 by Honor 8A/replay_0851.jpeg,
REPLAY/Lenovo ThinkBook 15 G2 by Honor 8A/replay_0852.jpeg,
REPLAY/Lenovo ThinkBook 15 G2 by Honor 8A/replay_0853.jpeg,
REPLAY/Lenovo ThinkBook 15 G2 by Honor 8A/replay_0854.jpeg,
REPLAY/Lenovo ThinkBook 15 G2 by Honor 8A/replay_0855.jpeg,
REPLAY/Lenovo ThinkBook 15 G2 by Honor 8A/replay_0856.jpeg,
REPLAY/Lenovo ThinkBook 15 G2 by Honor 8A/replay_0857.jpeg,
REPLAY/Lenovo ThinkBook 15 G2 by Honor 8A/replay_0858.jpeg,
REPLAY/Lenovo ThinkBook 15 G2 by Honor 8A/replay_0859.jpeg,
REPLAY/Lenovo ThinkBook 15 G2 by Honor 8A/replay_0860.jpeg,
REPLAY/Lenovo ThinkBook 15 G2 by Honor 8A/replay_0861.jpeg,
REPLAY/Lenovo ThinkBook 15 G2 by Honor 8A/replay_0862.jpeg,
REPLAY/Lenovo ThinkBook 15 G2 by Honor 8A/replay_0863.jpeg,
REPLAY/Lenovo ThinkBook 15 G2 by Honor 8A/replay_0864.jpeg,
REPLAY/Lenovo ThinkBook 15 G2 by Honor 8A/replay_0865.jpeg,
REPLAY/Lenovo ThinkBook 15 G2 by Honor 8A/replay_0866.jpeg,
REPLAY/Lenovo ThinkBook 15 G2 by Honor 8A/replay_0867.jpeg,
REPLAY/Lenovo ThinkBook 15 G2 by Honor 8A/replay_0868.jpeg,
REPLAY/Lenovo ThinkBook 15 G2 by Honor 8A/replay_0869.jpeg,
REPLAY/Lenovo ThinkBook 15 G2 by Honor 8A/replay_0870.jpeg,
REPLAY/Lenovo ThinkBook 15 G2 by Honor 8A/replay_0871.jpeg,
REPLAY/Lenovo ThinkBook 15 G2 by Honor 8A/replay_0872.jpeg,
REPLAY/Lenovo ThinkBook 15 G2 by Honor 8A/replay_0873.jpeg,
REPLAY/Lenovo ThinkBook 15 G2 by Honor 8A/replay_0874.jpeg,
REPLAY/Lenovo ThinkBook 15 G2 by Honor 8A/replay_0875.jpeg,
REPLAY/Lenovo ThinkBook 15 G2 by Honor 8A/replay_0876.jpeg,
REPLAY/Lenovo ThinkBook 15 G2 by Honor 8A/replay_0877.jpeg,
REPLAY/Lenovo ThinkBook 15 G2 by Honor 8A/replay_0878.jpeg,
REPLAY/Lenovo ThinkBook 15 G2 by Honor 8A/replay_0879.jpeg,
REPLAY/Lenovo ThinkBook 15 G2 by Honor 8A/replay_0880.jpeg,
REPLAY/Lenovo ThinkBook 15 G2 by Honor 8A/replay_0881.jpeg,
REPLAY/Lenovo ThinkBook 15 G2 by Honor 8A/replay_0882.jpeg,
REPLAY/Lenovo ThinkBook 15 G2 by Honor 8A/replay_0883.jpeg,
REPLAY/Lenovo ThinkBook 15 G2 by Honor 8A/replay_0884.jpeg,
REPLAY/Lenovo ThinkBook 15 G2 by Honor 8A/replay_0885.jpeg,
REPLAY/Lenovo ThinkBook 15 G2 by Honor 8A/replay_0886.jpeg,
REPLAY/Lenovo ThinkBook 15 G2 by Honor 8A/replay_0887.jpeg,
REPLAY/Lenovo ThinkBook 15 G2 by Honor 8A/replay_0888.jpeg,
REPLAY/Lenovo ThinkBook 15 G2 by Honor 8A/replay_0889.jpeg,
REPLAY/Lenovo ThinkBook 15 G2 by Honor 8A/replay_0890.jpeg,
REPLAY/Lenovo ThinkBook 15 G2 by Honor 8A/replay_0891.jpeg,
REPLAY/Lenovo ThinkBook 15 G2 by Honor 8A/replay_0892.jpeg,
REPLAY/Lenovo ThinkBook 15 G2 by Honor 8A/replay_0893.jpeg,
REPLAY/Lenovo ThinkBook 15 G2 by Honor 8A/replay_0894.jpeg,
REPLAY/Lenovo ThinkBook 15 G2 by Honor 8A/replay_0895.jpeg,
REPLAY/Lenovo ThinkBook 15 G2 by Honor 8A/replay_0896.jpeg,
REPLAY/Lenovo ThinkBook 15 G2 by Honor 8A/replay_0897.jpeg,
REPLAY/Lenovo ThinkBook 15 G2 by Honor 8A/replay_0898.jpeg,
REPLAY/Lenovo ThinkBook 15 G2 by Honor 8A/replay_0899.jpeg,
REPLAY/Lenovo ThinkBook 15 G2 by Honor 8A/replay_0900.jpeg,
REPLAY/Lenovo ThinkBook 15 G2 by Honor 8A/replay_0901.jpeg,
REPLAY/Lenovo ThinkBook 15 G2 by Honor 8A/replay_0902.jpeg,
REPLAY/Lenovo ThinkBook 15 G2 by Honor 8A/replay_0903.jpeg,
REPLAY/Lenovo ThinkBook 15 G2 by Honor 8A/replay_0904.jpeg,
REPLAY/Lenovo ThinkBook 15 G2 by Honor 8A/replay_0905.jpeg,
REPLAY/Lenovo ThinkBook 15 G2 by Honor 8A/replay_0906.jpeg,
REPLAY/Lenovo ThinkBook 15 G2 by Honor 8A/replay_0907.jpeg,
REPLAY/Lenovo ThinkBook 15 G2 by Honor 8A/replay_0908.jpeg,
REPLAY/Lenovo ThinkBook 15 G2 by Honor 8A/replay_0909.jpeg,
REPLAY/Lenovo ThinkBook 15 G2 by Honor 8A/replay_0910.jpeg,
REPLAY/Lenovo ThinkBook 15 G2 by Honor 8A/replay_0911.jpeg,
REPLAY/Lenovo ThinkBook 15 G2 by Honor 8A/replay_0912.jpeg,
REPLAY/Lenovo ThinkBook 15 G2 by Honor 8A/replay_0913.jpeg,
REPLAY/Lenovo ThinkBook 15 G2 by Honor 8A/replay_0914.jpeg,
REPLAY/Lenovo ThinkBook 15 G2 by Honor 8A/replay_0915.jpeg,
REPLAY/Lenovo ThinkBook 15 G2 by Honor 8A/replay_0916.jpeg,
REPLAY/Lenovo ThinkBook 15 G2 by Honor 8A/replay_0917.jpeg,
REPLAY/Lenovo ThinkBook 15 G2 by Honor 8A/replay_0918.jpeg,
REPLAY/Lenovo ThinkBook 15 G2 by Honor 8A/replay_0919.jpeg,
REPLAY/Lenovo ThinkBook 15 G2 by Honor 8A/replay_0920.jpeg,
REPLAY/Phillips PHL 271V8 and MacBook Pro M1/replay_0921.jpeg,
REPLAY/Phillips PHL 271V8 and MacBook Pro M1/replay_0922.jpeg,
REPLAY/Phillips PHL 271V8 and MacBook Pro M1/replay_0923.jpeg,
REPLAY/Phillips PHL 271V8 and MacBook Pro M1/replay_0924.jpeg,
REPLAY/Phillips PHL 271V8 and MacBook Pro M1/replay_0925.jpeg,
REPLAY/Phillips PHL 271V8 and MacBook Pro M1/replay_0926.jpeg,
REPLAY/Phillips PHL 271V8 and MacBook Pro M1/replay_0927.jpeg,
REPLAY/Phillips PHL 271V8 and MacBook Pro M1/replay_0928.jpeg,
REPLAY/Phillips PHL 271V8 and MacBook Pro M1/replay_0929.jpeg,
REPLAY/Phillips PHL 271V8 and MacBook Pro M1/replay_0930.jpeg,
REPLAY/Phillips PHL 271V8 and MacBook Pro M1/replay_0931.jpeg,
REPLAY/Phillips PHL 271V8 and MacBook Pro M1/replay_0932.jpeg,
REPLAY/Phillips PHL 271V8 and MacBook Pro M1/replay_0933.jpeg,
REPLAY/Phillips PHL 271V8 and MacBook Pro M1/replay_0934.jpeg,
REPLAY/Phillips PHL 271V8 and MacBook Pro M1/replay_0935.jpeg,
REPLAY/Phillips PHL 271V8 and MacBook Pro M1/replay_0936.jpeg,
REPLAY/Phillips PHL 271V8 and MacBook Pro M1/replay_0937.jpeg,
REPLAY/Phillips PHL 271V8 and MacBook Pro M1/replay_0938.jpeg,
REPLAY/Phillips PHL 271V8 and MacBook Pro M1/replay_0939.jpeg,
REPLAY/Phillips PHL 271V8 and MacBook Pro M1/replay_0940.jpeg,
REPLAY/Phillips PHL 271V8 and MacBook Pro M1/replay_0941.jpeg,
REPLAY/Phillips PHL 271V8 and MacBook Pro M1/replay_0942.jpeg,
REPLAY/Phillips PHL 271V8 and MacBook Pro M1/replay_0943.jpeg,
REPLAY/Phillips PHL 271V8 and MacBook Pro M1/replay_0944.jpeg,
REPLAY/Phillips PHL 271V8 and MacBook Pro M1/replay_0945.jpeg,
REPLAY/Phillips PHL 271V8 and MacBook Pro M1/replay_0946.jpeg,
REPLAY/Phillips PHL 271V8 and MacBook Pro M1/replay_0947.jpeg,
REPLAY/Phillips PHL 271V8 and MacBook Pro M1/replay_0948.jpeg,
REPLAY/Phillips PHL 271V8 and MacBook Pro M1/replay_0949.jpeg,
REPLAY/Phillips PHL 271V8 and MacBook Pro M1/replay_0950.jpeg,
REPLAY/Phillips PHL 271V8 and MacBook Pro M1/replay_0951.jpeg,
REPLAY/Phillips PHL 271V8 and MacBook Pro M1/replay_0952.jpeg,
REPLAY/Phillips PHL 271V8 and MacBook Pro M1/replay_0953.jpeg,
REPLAY/Phillips PHL 271V8 and MacBook Pro M1/replay_0954.jpeg,
REPLAY/Phillips PHL 271V8 and MacBook Pro M1/replay_0955.jpeg,
REPLAY/Phillips PHL 271V8 and MacBook Pro M1/replay_0956.jpeg,
REPLAY/Phillips PHL 271V8 and MacBook Pro M1/replay_0957.jpeg,
REPLAY/Phillips PHL 271V8 and MacBook Pro M1/replay_0958.jpeg,
REPLAY/Phillips PHL 271V8 and MacBook Pro M1/replay_0959.jpeg,
REPLAY/Phillips PHL 271V8 and MacBook Pro M1/replay_0960.jpeg,
REPLAY/Phillips PHL 271V8 and MacBook Pro M1/replay_0961.jpeg,
REPLAY/Phillips PHL 271V8 and MacBook Pro M1/replay_0962.jpeg,
REPLAY/Phillips PHL 271V8 and MacBook Pro M1/replay_0963.jpeg,
REPLAY/Phillips PHL 271V8 and MacBook Pro M1/replay_0964.jpeg,
REPLAY/Phillips PHL 271V8 and MacBook Pro M1/replay_0965.jpeg,
REPLAY/Phillips PHL 271V8 and MacBook Pro M1/replay_0966.jpeg,
REPLAY/Phillips PHL 271V8 and MacBook Pro M1/replay_0967.jpeg,
REPLAY/Phillips PHL 271V8 and MacBook Pro M1/replay_0968.jpeg,
REPLAY/Phillips PHL 271V8 and MacBook Pro M1/replay_0969.jpeg,
REPLAY/Phillips PHL 271V8 and MacBook Pro M1/replay_0970.jpeg,
REPLAY/Phillips PHL 271V8 and MacBook Pro M1/replay_0971.jpeg,
REPLAY/Phillips PHL 271V8 and MacBook Pro M1/replay_0972.jpeg,
REPLAY/Phillips PHL 271V8 and MacBook Pro M1/replay_0973.jpeg,
REPLAY/Phillips PHL 271V8 and MacBook Pro M1/replay_0974.jpeg,
REPLAY/Phillips PHL 271V8 and MacBook Pro M1/replay_0975.jpeg,
REPLAY/Phillips PHL 271V8 and MacBook Pro M1/replay_0976.jpeg,
REPLAY/Phillips PHL 271V8 and MacBook Pro M1/replay_0977.jpeg,
REPLAY/Phillips PHL 271V8 and MacBook Pro M1/replay_0978.jpeg,
REPLAY/Phillips PHL 271V8 and MacBook Pro M1/replay_0979.jpeg,
REPLAY/Phillips PHL 271V8 and MacBook Pro M1/replay_0980.jpeg,
REPLAY/Phillips PHL 271V8 and MacBook Pro M1/replay_0981.jpeg,
REPLAY/Phillips PHL 271V8 and MacBook Pro M1/replay_0982.jpeg,
REPLAY/Phillips PHL 271V8 and MacBook Pro M1/replay_0983.jpeg,
REPLAY/Phillips PHL 271V8 and MacBook Pro M1/replay_0984.jpeg,
REPLAY/Phillips PHL 271V8 and MacBook Pro M1/replay_0985.jpeg,
REPLAY/Phillips PHL 271V8 and MacBook Pro M1/replay_0986.jpeg,
REPLAY/Phillips PHL 271V8 and MacBook Pro M1/replay_0987.jpeg,
REPLAY/Phillips PHL 271V8 and MacBook Pro M1/replay_0988.jpeg,
REPLAY/Phillips PHL 271V8 and MacBook Pro M1/replay_0989.jpeg,
REPLAY/Phillips PHL 271V8 and MacBook Pro M1/replay_0990.jpeg,
REPLAY/Phillips PHL 271V8 and MacBook Pro M1/replay_0991.jpeg,
REPLAY/Phillips PHL 271V8 and MacBook Pro M1/replay_0992.jpeg,
REPLAY/Phillips PHL 271V8 and MacBook Pro M1/replay_0993.jpeg,
REPLAY/Phillips PHL 271V8 and MacBook Pro M1/replay_0994.jpeg,
REPLAY/Phillips PHL 271V8 and MacBook Pro M1/replay_0995.jpeg,
REPLAY/Phillips PHL 271V8 and MacBook Pro M1/replay_0996.jpeg,
REPLAY/Phillips PHL 271V8 and MacBook Pro M1/replay_0997.jpeg,
REPLAY/Phillips PHL 271V8 and MacBook Pro M1/replay_0998.jpeg,
REPLAY/Phillips PHL 271V8 and MacBook Pro M1/replay_0999.jpeg,
REPLAY/Phillips PHL 271V8 and MacBook Pro M1/replay_1000.jpeg,
REPLAY/Phillips PHL 271V8 and MacBook Pro M1/replay_1001.jpeg,
REPLAY/Phillips PHL 271V8 and MacBook Pro M1/replay_1002.jpeg,
REPLAY/Phillips PHL 271V8 and MacBook Pro M1/replay_1003.jpeg,
REPLAY/Phillips PHL 271V8 and MacBook Pro M1/replay_1004.jpeg,
REPLAY/Phillips PHL 271V8 and MacBook Pro M1/replay_1005.jpeg,
REPLAY/Phillips PHL 271V8 and MacBook Pro M1/replay_1006.jpeg,
REPLAY/Phillips PHL 271V8 and MacBook Pro M1/replay_1007.jpeg,
REPLAY/Phillips PHL 271V8 and MacBook Pro M1/replay_1008.jpeg,
REPLAY/Phillips PHL 271V8 and MacBook Pro M1/replay_1009.jpeg,
REPLAY/Phillips PHL 271V8 and MacBook Pro M1/replay_1010.jpeg,
REPLAY/Phillips PHL 271V8 and MacBook Pro M1/replay_1011.jpeg,
REPLAY/Phillips PHL 271V8 and MacBook Pro M1/replay_1012.jpeg,
REPLAY/Phillips PHL 271V8 and MacBook Pro M1/replay_1013.jpeg,
REPLAY/Phillips PHL 271V8 and MacBook Pro M1/replay_1014.jpeg,
REPLAY/Phillips PHL 271V8 and MacBook Pro M1/replay_1015.jpeg,
REPLAY/Phillips PHL 271V8 and MacBook Pro M1/replay_1016.jpeg,
REPLAY/Phillips PHL 271V8 and MacBook Pro M1/replay_1017.jpeg,
REPLAY/Phillips PHL 271V8 and MacBook Pro M1/replay_1018.jpeg,
REPLAY/Phillips PHL 271V8 and MacBook Pro M1/replay_1019.jpeg,
REPLAY/Phillips PHL 271V8 and MacBook Pro M1/replay_1020.jpeg,
REPLAY/Phillips PHL 271V8 and MacBook Pro M1/replay_1021.jpeg,
REPLAY/Phillips PHL 271V8 and MacBook Pro M1/replay_1022.jpeg,
REPLAY/Phillips PHL 271V8 and MacBook Pro M1/replay_1023.jpeg,
REPLAY/Phillips PHL 271V8 and MacBook Pro M1/replay_1024.jpeg,
REPLAY/Phillips PHL 271V8 and MacBook Pro M1/replay_1025.jpeg,
REPLAY/Phillips PHL 271V8 and MacBook Pro M1/replay_1026.jpeg,
REPLAY/Phillips PHL 271V8 and MacBook Pro M1/replay_1027.jpeg,
REPLAY/Phillips PHL 271V8 and MacBook Pro M1/replay_1028.jpeg,
REPLAY/Phillips PHL 271V8 and MacBook Pro M1/replay_1029.jpeg,
REPLAY/Phillips PHL 271V8 and MacBook Pro M1/replay_1030.jpeg,
REPLAY/Phillips PHL 271V8 and MacBook Pro M1/replay_1031.jpeg,
REPLAY/Phillips PHL 271V8 and MacBook Pro M1/replay_1032.jpeg,
REPLAY/Phillips PHL 271V8 and MacBook Pro M1/replay_1033.jpeg,
REPLAY/Phillips PHL 271V8 and MacBook Pro M1/replay_1034.jpeg,
REPLAY/Phillips PHL 271V8 and MacBook Pro M1/replay_1035.jpeg,
REPLAY/Phillips PHL 271V8 and MacBook Pro M1/replay_1036.jpeg,
REPLAY/Phillips PHL 271V8 and MacBook Pro M1/replay_1037.jpeg,
REPLAY/Phillips PHL 271V8 and MacBook Pro M1/replay_1038.jpeg,
REPLAY/Phillips PHL 271V8 and MacBook Pro M1/replay_1039.jpeg,
REPLAY/Phillips PHL 271V8 and MacBook Pro M1/replay_1040.jpeg,
REPLAY/Phillips PHL 271V8 and MacBook Pro M1/replay_1041.jpeg,
REPLAY/Phillips PHL 271V8 and MacBook Pro M1/replay_1042.jpeg,
REPLAY/Phillips PHL 271V8 and MacBook Pro M1/replay_1043.jpeg,
REPLAY/Phillips PHL 271V8 and MacBook Pro M1/replay_1044.jpeg,
REPLAY/Phillips PHL 271V8 and MacBook Pro M1/replay_1045.jpeg,
REPLAY/Phillips PHL 271V8 and MacBook Pro M1/replay_1046.jpeg,
REPLAY/Phillips PHL 271V8 and MacBook Pro M1/replay_1047.jpeg,
REPLAY/Phillips PHL 271V8 and MacBook Pro M1/replay_1048.jpeg,
REPLAY/Phillips PHL 271V8 and MacBook Pro M1/replay_1049.jpeg,
REPLAY/Phillips PHL 271V8 and MacBook Pro M1/replay_1050.jpeg,
REPLAY/Phillips PHL 271V8 and MacBook Pro M1/replay_1051.jpeg,
REPLAY/Phillips PHL 271V8 and MacBook Pro M1/replay_1052.jpeg,
REPLAY/Phillips PHL 271V8 and MacBook Pro M1/replay_1053.jpeg,
REPLAY/Phillips PHL 271V8 and MacBook Pro M1/replay_1054.jpeg,
REPLAY/Phillips PHL 271V8 and MacBook Pro M1/replay_1055.jpeg,
REPLAY/Phillips PHL 271V8 and MacBook Pro M1/replay_1056.jpeg,
REPLAY/Phillips PHL 271V8 and MacBook Pro M1/replay_1057.jpeg,
REPLAY/Phillips PHL 271V8 and MacBook Pro M1/replay_1058.jpeg,
REPLAY/Phillips PHL 271V8 and MacBook Pro M1/replay_1059.jpeg,
REPLAY/Phillips PHL 271V8 and MacBook Pro M1/replay_1060.jpeg,
REPLAY/Phillips PHL 271V8 and MacBook Pro M1/replay_1061.jpeg,
REPLAY/Phillips PHL 271V8 and MacBook Pro M1/replay_1062.jpeg,
REPLAY/Phillips PHL 271V8 and MacBook Pro M1/replay_1063.jpeg,
REPLAY/Phillips PHL 271V8 and MacBook Pro M1/replay_1064.jpeg,
REPLAY/Phillips PHL 271V8 and MacBook Pro M1/replay_1065.jpeg,
REPLAY/Phillips PHL 271V8 and MacBook Pro M1/replay_1066.jpeg,
REPLAY/Phillips PHL 271V8 and MacBook Pro M1/replay_1067.jpeg,
REPLAY/Phillips PHL 271V8 and MacBook Pro M1/replay_1068.jpeg,
REPLAY/Phillips PHL 271V8 and MacBook Pro M1/replay_1069.jpeg,
REPLAY/Phillips PHL 271V8 and MacBook Pro M1/replay_1070.jpeg,
REPLAY/Phillips PHL 271V8 and MacBook Pro M1/replay_1071.jpeg,
REPLAY/Phillips PHL 271V8 and MacBook Pro M1/replay_1072.jpeg,
REPLAY/Phillips PHL 271V8 and MacBook Pro M1/replay_1073.jpeg,
REPLAY/Phillips PHL 271V8 and MacBook Pro M1/replay_1074.jpeg,
REPLAY/Phillips PHL 271V8 and MacBook Pro M1/replay_1075.jpeg,
REPLAY/Phillips PHL 271V8 and MacBook Pro M1/replay_1076.jpeg,
REPLAY/Phillips PHL 271V8 and MacBook Pro M1/replay_1077.jpeg,
REPLAY/Phillips PHL 271V8 and MacBook Pro M1/replay_1078.jpeg,
REPLAY/Phillips PHL 271V8 and MacBook Pro M1/replay_1079.jpeg,
REPLAY/Phillips PHL 271V8 and MacBook Pro M1/replay_1080.jpeg,
REPLAY/Phillips PHL 271V8 and MacBook Pro M1/replay_1081.jpeg,
REPLAY/Phillips PHL 271V8 and MacBook Pro M1/replay_1082.jpeg,
REPLAY/Phillips PHL 271V8 and MacBook Pro M1/replay_1083.jpeg,
REPLAY/Phillips PHL 271V8 and MacBook Pro M1/replay_1084.jpeg,
REPLAY/Phillips PHL 271V8 and MacBook Pro M1/replay_1085.jpeg,
REPLAY/Phillips PHL 271V8 and MacBook Pro M1/replay_1086.jpeg,
REPLAY/Phillips PHL 271V8 and MacBook Pro M1/replay_1087.jpeg,
REPLAY/Phillips PHL 271V8 and MacBook Pro M1/replay_1088.jpeg,
REPLAY/Phillips PHL 271V8 and MacBook Pro M1/replay_1089.jpeg,
REPLAY/Phillips PHL 271V8 and MacBook Pro M1/replay_1090.jpeg,
REPLAY/Phillips PHL 271V8 and MacBook Pro M1/replay_1091.jpeg,
REPLAY/Phillips PHL 271V8 and MacBook Pro M1/replay_1092.jpeg,
REPLAY/Phillips PHL 271V8 and MacBook Pro M1/replay_1093.jpeg,
REPLAY/Phillips PHL 271V8 and MacBook Pro M1/replay_1094.jpeg,
REPLAY/Phillips PHL 271V8 and MacBook Pro M1/replay_1095.jpeg,
REPLAY/Phillips PHL 271V8 and MacBook Pro M1/replay_1096.jpeg,
REPLAY/Phillips PHL 271V8 and MacBook Pro M1/replay_1097.jpeg,
REPLAY/Phillips PHL 271V8 and MacBook Pro M1/replay_1098.jpeg,
REPLAY/Phillips PHL 271V8 and MacBook Pro M1/replay_1099.jpeg,
REPLAY/Phillips PHL 271V8 and MacBook Pro M1/replay_1100.jpeg,
REPLAY/Phillips PHL 271V8 and MacBook Pro M1/replay_1101.jpeg,
REPLAY/Phillips PHL 271V8 and MacBook Pro M1/replay_1102.jpeg,
REPLAY/Phillips PHL 271V8 and MacBook Pro M1/replay_1103.jpeg,
REPLAY/Phillips PHL 271V8 and MacBook Pro M1/replay_1104.jpeg,
REPLAY/Phillips PHL 271V8 and MacBook Pro M1/replay_1105.jpeg,
REPLAY/Phillips PHL 271V8 and MacBook Pro M1/replay_1106.jpeg,
REPLAY/Phillips PHL 271V8 and MacBook Pro M1/replay_1107.jpeg,
REPLAY/Phillips PHL 271V8 and MacBook Pro M1/replay_1108.jpeg,
REPLAY/Phillips PHL 271V8 and MacBook Pro M1/replay_1109.jpeg,
REPLAY/Phillips PHL 271V8 and MacBook Pro M1/replay_1110.jpeg,
REPLAY/Phillips PHL 271V8 and MacBook Pro M1/replay_1111.jpeg,
REPLAY/Phillips PHL 271V8 and MacBook Pro M1/replay_1112.jpeg,
REPLAY/Phillips PHL 271V8 and MacBook Pro M1/replay_1113.jpeg,
REPLAY/Phillips PHL 271V8 and MacBook Pro M1/replay_1114.jpeg,
REPLAY/Phillips PHL 271V8 and MacBook Pro M1/replay_1115.jpeg,
REPLAY/Phillips PHL 271V8 and MacBook Pro M1/replay_1116.jpeg,
REPLAY/Phillips PHL 271V8 and MacBook Pro M1/replay_1117.jpeg,
REPLAY/Phillips PHL 271V8 and MacBook Pro M1/replay_1118.jpeg,
REPLAY/Phillips PHL 271V8 and MacBook Pro M1/replay_1119.jpeg,
REPLAY/Phillips PHL 271V8 and MacBook Pro M1/replay_1120.jpeg,
REPLAY/Phillips PHL 271V8 and MacBook Pro M1/replay_1121.jpeg,
REPLAY/Phillips PHL 271V8 and MacBook Pro M1/replay_1122.jpeg,
REPLAY/Phillips PHL 271V8 and MacBook Pro M1/replay_1123.jpeg,
REPLAY/Phillips PHL 271V8 and MacBook Pro M1/replay_1124.jpeg,
REPLAY/Phillips PHL 271V8 and MacBook Pro M1/replay_1125.jpeg,
REPLAY/Phillips PHL 271V8 and MacBook Pro M1/replay_1126.jpeg,
REPLAY/Phillips PHL 271V8 and MacBook Pro M1/replay_1127.jpeg,
REPLAY/Phillips PHL 271V8 and MacBook Pro M1/replay_1128.jpeg,
REPLAY/Phillips PHL 271V8 and MacBook Pro M1/replay_1129.jpeg,
REPLAY/Phillips PHL 271V8 and MacBook Pro M1/replay_1130.jpeg,
REPLAY/Phillips PHL 271V8 and MacBook Pro M1/replay_1131.jpeg,
REPLAY/Phillips PHL 271V8 and MacBook Pro M1/replay_1132.jpeg,
REPLAY/Phillips PHL 271V8 and MacBook Pro M1/replay_1133.jpeg,
REPLAY/Phillips PHL 271V8 and MacBook Pro M1/replay_1134.jpeg,
REPLAY/Phillips PHL 271V8 and MacBook Pro M1/replay_1135.jpeg,
REPLAY/Phillips PHL 271V8 and MacBook Pro M1/replay_1136.jpeg,
REPLAY/Phillips PHL 271V8 and MacBook Pro M1/replay_1137.jpeg,
REPLAY/Phillips PHL 271V8 and MacBook Pro M1/replay_1138.jpeg,
REPLAY/Phillips PHL 271V8 and MacBook Pro M1/replay_1139.jpeg,
REPLAY/Phillips PHL 271V8 and MacBook Pro M1/replay_1140.jpeg,
REPLAY/Phillips PHL 271V8 and MacBook Pro M1/replay_1141.jpeg,
REPLAY/Phillips PHL 271V8 and MacBook Pro M1/replay_1142.jpeg,
REPLAY/Phillips PHL 271V8 and MacBook Pro M1/replay_1143.jpeg,
REPLAY/Phillips PHL 271V8 and MacBook Pro M1/replay_1144.jpeg,
REPLAY/Phillips PHL 271V8 and MacBook Pro M1/replay_1145.jpeg,
REPLAY/Phillips PHL 271V8 and MacBook Pro M1/replay_1146.jpeg,
REPLAY/Phillips PHL 271V8 and MacBook Pro M1/replay_1147.jpeg,
REPLAY/Phillips PHL 271V8 and MacBook Pro M1/replay_1148.jpeg,
REPLAY/Phillips PHL 271V8 and MacBook Pro M1/replay_1149.jpeg,
REPLAY/Phillips PHL 271V8 and MacBook Pro M1/replay_1150.jpeg,
REPLAY/Phillips PHL 271V8 and MacBook Pro M1/replay_1151.jpeg,
REPLAY/Phillips PHL 271V8 and MacBook Pro M1/replay_1152.jpeg,
REPLAY/Phillips PHL 271V8 and MacBook Pro M1/replay_1153.jpeg,
REPLAY/Phillips PHL 271V8 and MacBook Pro M1/replay_1154.jpeg,
REPLAY/Phillips PHL 271V8 and MacBook Pro M1/replay_1155.jpeg,
REPLAY/Phillips PHL 271V8 and MacBook Pro M1/replay_1156.jpeg,
REPLAY/Phillips PHL 271V8 and MacBook Pro M1/replay_1157.jpeg,
REPLAY/Phillips PHL 271V8 and MacBook Pro M1/replay_1158.jpeg,
REPLAY/Phillips PHL 271V8 and MacBook Pro M1/replay_1159.jpeg,
REPLAY/Phillips PHL 271V8 and MacBook Pro M1/replay_1160.jpeg,
REPLAY/Phillips PHL 271V8 and MacBook Pro M1/replay_1161.jpeg,
REPLAY/Phillips PHL 271V8 and MacBook Pro M1/replay_1162.jpeg,
REPLAY/Phillips PHL 271V8 and MacBook Pro M1/replay_1163.jpeg,
REPLAY/Phillips PHL 271V8 and MacBook Pro M1/replay_1164.jpeg,
REPLAY/Phillips PHL 271V8 and MacBook Pro M1/replay_1165.jpeg,
REPLAY/Phillips PHL 271V8 and MacBook Pro M1/replay_1166.jpeg,
REPLAY/Phillips PHL 271V8 and MacBook Pro M1/replay_1167.jpeg,
REPLAY/Phillips PHL 271V8 and MacBook Pro M1/replay_1168.jpeg,
REPLAY/Phillips PHL 271V8 and MacBook Pro M1/replay_1169.jpeg,
REPLAY/Phillips PHL 271V8 and MacBook Pro M1/replay_1170.jpeg,
REPLAY/Phillips PHL 271V8 and MacBook Pro M1/replay_1171.jpeg,
REPLAY/Phillips PHL 271V8 and MacBook Pro M1/replay_1172.jpeg,
REPLAY/Phillips PHL 271V8 and MacBook Pro M1/replay_1173.jpeg,
REPLAY/Phillips PHL 271V8 and MacBook Pro M1/replay_1174.jpeg,
REPLAY/Phillips PHL 271V8 and MacBook Pro M1/replay_1175.jpeg,
REPLAY/Phillips PHL 271V8 and MacBook Pro M1/replay_1176.jpeg,
REPLAY/Phillips PHL 271V8 and MacBook Pro M1/replay_1177.jpeg,
REPLAY/Phillips PHL 271V8 and MacBook Pro M1/replay_1178.jpeg,
REPLAY/Phillips PHL 271V8 and MacBook Pro M1/replay_1179.jpeg,
REPLAY/Phillips PHL 271V8 and MacBook Pro M1/replay_1180.jpeg,
REPLAY/Phillips PHL 271V8 and MacBook Pro M1/replay_1181.jpeg,
REPLAY/Phillips PHL 271V8 and MacBook Pro M1/replay_1182.jpeg,
REPLAY/Phillips PHL 271V8 and MacBook Pro M1/replay_1183.jpeg,
REPLAY/Phillips PHL 271V8 and MacBook Pro M1/replay_1184.jpeg,
REPLAY/Phillips PHL 271V8 and MacBook Pro M1/replay_1185.jpeg,
REPLAY/Phillips PHL 271V8 and MacBook Pro M1/replay_1186.jpeg,
REPLAY/Phillips PHL 271V8 and MacBook Pro M1/replay_1187.jpeg,
REPLAY/Phillips PHL 271V8 and MacBook Pro M1/replay_1188.jpeg,
REPLAY/Phillips PHL 271V8 and MacBook Pro M1/replay_1189.jpeg,
REPLAY/Phillips PHL 271V8 and MacBook Pro M1/replay_1190.jpeg,
REPLAY/Phillips PHL 271V8 and MacBook Pro M1/replay_1191.jpeg,
REPLAY/Phillips PHL 271V8 and MacBook Pro M1/replay_1192.jpeg,
REPLAY/Phillips PHL 271V8 and MacBook Pro M1/replay_1193.jpeg,
REPLAY/Phillips PHL 271V8 and MacBook Pro M1/replay_1194.jpeg,
REPLAY/Phillips PHL 271V8 and MacBook Pro M1/replay_1195.jpeg,
REPLAY/Phillips PHL 271V8 and MacBook Pro M1/replay_1196.jpeg,
REPLAY/Phillips PHL 271V8 and MacBook Pro M1/replay_1197.jpeg,
REPLAY/Phillips PHL 271V8 and MacBook Pro M1/replay_1198.jpeg,
REPLAY/Phillips PHL 271V8 and MacBook Pro M1/replay_1199.jpeg,
REPLAY/Phillips PHL 271V8 and MacBook Pro M1/replay_1200.jpeg,
REPLAY/Phillips PHL 271V8 and MacBook Pro M1/replay_1201.jpeg,
REPLAY/Phillips PHL 271V8 and MacBook Pro M1/replay_1202.jpeg,
REPLAY/Phillips PHL 271V8 and MacBook Pro M1/replay_1203.jpeg,
REPLAY/Phillips PHL 271V8 and MacBook Pro M1/replay_1204.jpeg,
REPLAY/Phillips PHL 271V8 and MacBook Pro M1/replay_1205.jpeg,
REPLAY/Phillips PHL 271V8 and MacBook Pro M1/replay_1206.jpeg,
REPLAY/Phillips PHL 271V8 and MacBook Pro M1/replay_1207.jpeg,
REPLAY/Phillips PHL 271V8 and MacBook Pro M1/replay_1208.jpeg,
REPLAY/Phillips PHL 271V8 and MacBook Pro M1/replay_1209.jpeg,
REPLAY/Phillips PHL 271V8 and MacBook Pro M1/replay_1210.jpeg,
REPLAY/Phillips PHL 271V8 and MacBook Pro M1/replay_1211.jpeg,
REPLAY/Phillips PHL 271V8 and MacBook Pro M1/replay_1212.jpeg,
REPLAY/Phillips PHL 271V8 and MacBook Pro M1/replay_1213.jpeg,
REPLAY/Phillips PHL 271V8 and MacBook Pro M1/replay_1214.jpeg,
REPLAY/Phillips PHL 271V8 and MacBook Pro M1/replay_1215.jpeg,
REPLAY/Phillips PHL 271V8 and MacBook Pro M1/replay_1216.jpeg,
REPLAY/Phillips PHL 271V8 and MacBook Pro M1/replay_1217.jpeg,
REPLAY/Phillips PHL 271V8 and MacBook Pro M1/replay_1218.jpeg,
REPLAY/Phillips PHL 271V8 and MacBook Pro M1/replay_1219.jpeg,
REPLAY/Phillips PHL 271V8 and MacBook Pro M1/replay_1220.jpeg,
REPLAY/Phillips PHL 271V8 and MacBook Pro M1/replay_1221.jpeg,
REPLAY/Phillips PHL 271V8 and MacBook Pro M1/replay_1222.jpeg,
REPLAY/Phillips PHL 271V8 and MacBook Pro M1/replay_1223.jpeg,
REPLAY/Phillips PHL 271V8 and MacBook Pro M1/replay_1224.jpeg,
REPLAY/Phillips PHL 271V8 and MacBook Pro M1/replay_1225.jpeg,
REPLAY/Phillips PHL 271V8 and MacBook Pro M1/replay_1226.jpeg,
REPLAY/Phillips PHL 271V8 and MacBook Pro M1/replay_1227.jpeg,
REPLAY/Phillips PHL 271V8 and MacBook Pro M1/replay_1228.jpeg,
REPLAY/Phillips PHL 271V8 and MacBook Pro M1/replay_1229.jpeg,
REPLAY/Phillips PHL 271V8 and MacBook Pro M1/replay_1230.jpeg,
REPLAY/Phillips PHL 271V8 and MacBook Pro M1/replay_1231.jpeg,
REPLAY/Phillips PHL 271V8 and MacBook Pro M1/replay_1232.jpeg,
REPLAY/Phillips PHL 271V8 and MacBook Pro M1/replay_1233.jpeg,
REPLAY/Phillips PHL 271V8 and MacBook Pro M1/replay_1234.jpeg,
REPLAY/Phillips PHL 271V8 and MacBook Pro M1/replay_1235.jpeg,
REPLAY/Phillips PHL 271V8 and MacBook Pro M1/replay_1236.jpeg,
REPLAY/Phillips PHL 271V8 and MacBook Pro M1/replay_1237.jpeg,
REPLAY/Phillips PHL 271V8 and MacBook Pro M1/replay_1238.jpeg,
REPLAY/Phillips PHL 271V8 and MacBook Pro M1/replay_1239.jpeg,
REPLAY/Phillips PHL 271V8 and MacBook Pro M1/replay_1240.jpeg,
REPLAY/Phillips PHL 271V8 and MacBook Pro M1/replay_1241.jpeg,
REPLAY/Phillips PHL 271V8 and MacBook Pro M1/replay_1242.jpeg,
REPLAY/Phillips PHL 271V8 and MacBook Pro M1/replay_1243.jpeg,
REPLAY/Phillips PHL 271V8 and MacBook Pro M1/replay_1244.jpeg,
REPLAY/Phillips PHL 271V8 and MacBook Pro M1/replay_1245.jpeg,
REPLAY/Phillips PHL 271V8 and MacBook Pro M1/replay_1246.jpeg,
REPLAY/Phillips PHL 271V8 and MacBook Pro M1/replay_1247.jpeg,
REPLAY/Phillips PHL 271V8 and MacBook Pro M1/replay_1248.jpeg,
REPLAY/Phillips PHL 271V8 and MacBook Pro M1/replay_1249.jpeg,
REPLAY/Phillips PHL 271V8 and MacBook Pro M1/replay_1250.jpeg,
REPLAY/Phillips PHL 271V8 and MacBook Pro M1/replay_1251.jpeg,
REPLAY/Samsung Galaxy J3 by Honor 8A/replay_1252.jpeg,
REPLAY/Samsung Galaxy J3 by Honor 8A/replay_1253.jpeg,
REPLAY/Samsung Galaxy J3 by Honor 8A/replay_1254.jpeg,
REPLAY/Samsung Galaxy J3 by Honor 8A/replay_1255.jpeg,
REPLAY/Samsung Galaxy J3 by Honor 8A/replay_1256.jpeg,
REPLAY/Samsung Galaxy J3 by Honor 8A/replay_1257.jpeg,
REPLAY/Samsung Galaxy J3 by Honor 8A/replay_1258.jpeg,
REPLAY/Samsung Galaxy J3 by Honor 8A/replay_1259.jpeg,
REPLAY/Samsung Galaxy J3 by Honor 8A/replay_1260.jpeg,
REPLAY/Samsung Galaxy J3 by Honor 8A/replay_1261.jpeg,
REPLAY/Samsung Galaxy J3 by Honor 8A/replay_1262.jpeg,
REPLAY/Samsung Galaxy J3 by Honor 8A/replay_1263.jpeg,
REPLAY/Samsung Galaxy J3 by Honor 8A/replay_1264.jpeg,
REPLAY/Samsung Galaxy J3 by Honor 8A/replay_1265.jpeg,
REPLAY/Samsung Galaxy J3 by Honor 8A/replay_1266.jpeg,
REPLAY/Samsung Galaxy J3 by Honor 8A/replay_1267.jpeg,
REPLAY/Samsung Galaxy J3 by Honor 8A/replay_1268.jpeg,
REPLAY/Samsung Galaxy J3 by Honor 8A/replay_1269.jpeg,
REPLAY/Samsung Galaxy J3 by Honor 8A/replay_1270.jpeg,
REPLAY/Samsung Galaxy J3 by Honor 8A/replay_1271.jpeg,
REPLAY/Samsung Galaxy J3 by Honor 8A/replay_1272.jpeg,
REPLAY/Samsung Galaxy J3 by Honor 8A/replay_1273.jpeg,
REPLAY/Samsung Galaxy J3 by Honor 8A/replay_1274.jpeg,
REPLAY/Samsung Galaxy J3 by Honor 8A/replay_1275.jpeg,
REPLAY/Samsung Galaxy J3 by Honor 8A/replay_1276.jpeg,
REPLAY/Samsung Galaxy J3 by Honor 8A/replay_1277.jpeg,
REPLAY/Samsung Galaxy J3 by Honor 8A/replay_1278.jpeg,
REPLAY/Samsung Galaxy J3 by Honor 8A/replay_1279.jpeg,
REPLAY/Samsung Galaxy J3 by Honor 8A/replay_1280.jpeg,
REPLAY/Samsung Galaxy J3 by Honor 8A/replay_1281.jpeg,
REPLAY/Samsung Galaxy J3 by Honor 8A/replay_1282.jpeg,
REPLAY/Samsung Galaxy J3 by Honor 8A/replay_1283.jpeg,
REPLAY/Samsung Galaxy J3 by Honor 8A/replay_1284.jpeg,
REPLAY/Samsung Galaxy J3 by Honor 8A/replay_1285.jpeg,
REPLAY/Samsung Galaxy J3 by Honor 8A/replay_1286.jpeg,
REPLAY/Samsung Galaxy J3 by Honor 8A/replay_1287.jpeg,
REPLAY/Samsung Galaxy J3 by Honor 8A/replay_1288.jpeg,
REPLAY/Samsung Galaxy J3 by Honor 8A/replay_1289.jpeg,
REPLAY/Samsung Galaxy J3 by Honor 8A/replay_1290.jpeg,
REPLAY/Samsung Galaxy J3 by Honor 8A/replay_1291.jpeg,
REPLAY/Samsung Galaxy J3 by Honor 8A/replay_1292.jpeg,
REPLAY/Samsung Galaxy J3 by Honor 8A/replay_1293.jpeg,
REPLAY/Samsung Galaxy J3 by Honor 8A/replay_1294.jpeg,
REPLAY/Samsung Galaxy J3 by Honor 8A/replay_1295.jpeg,
REPLAY/Samsung Galaxy J3 by Honor 8A/replay_1296.jpeg,
REPLAY/Samsung Galaxy J3 by Honor 8A/replay_1297.jpeg,
REPLAY/Samsung Galaxy J3 by Honor 8A/replay_1298.jpeg,
REPLAY/Samsung Galaxy J3 by Honor 8A/replay_1299.jpeg,
REPLAY/Samsung Galaxy J3 by Honor 8A/replay_1300.jpeg,
REPLAY/Samsung Galaxy J3 by Honor 8A/replay_1301.jpeg,
