images,indoor,fingers,id
LIVE/Honor 8A/replay_0001.jpeg,1,1,replay_0001.jpeg
LIVE/Honor 8A/replay_0002.jpeg,1,1,replay_0002.jpeg
LIVE/Honor 8A/replay_0003.jpeg,0,1,replay_0003.jpeg
LIVE/Honor 8A/replay_0004.jpeg,0,0,replay_0004.jpeg
LIVE/Honor 8A/replay_0005.jpeg,0,0,replay_0005.jpeg
LIVE/Honor 8A/replay_0006.jpeg,1,1,replay_0006.jpeg
LIVE/Honor 8A/replay_0007.jpeg,1,0,replay_0007.jpeg
LIVE/Honor 8A/replay_0008.jpeg,0,1,replay_0008.jpeg
LIVE/Honor 8A/replay_0009.jpeg,1,1,replay_0009.jpeg
LIVE/Honor 8A/replay_0010.jpeg,0,1,replay_0010.jpeg
LIVE/Honor 8A/replay_0011.jpeg,1,1,replay_0011.jpeg
LIVE/Honor 8A/replay_0012.jpeg,0,1,replay_0012.jpeg
LIVE/Honor 8A/replay_0013.jpeg,0,1,replay_0013.jpeg
LIVE/Honor 8A/replay_0014.jpeg,0,1,replay_0014.jpeg
LIVE/Honor 8A/replay_0015.jpeg,0,1,replay_0015.jpeg
LIVE/Honor 8A/replay_0016.jpeg,0,1,replay_0016.jpeg
LIVE/Honor 8A/replay_0017.jpeg,0,1,replay_0017.jpeg
LIVE/Honor 8A/replay_0018.jpeg,0,1,replay_0018.jpeg
LIVE/Honor 8A/replay_0019.jpeg,0,1,replay_0019.jpeg
LIVE/Honor 8A/replay_0020.jpeg,0,1,replay_0020.jpeg
LIVE/Honor 8A/replay_0021.jpeg,0,1,replay_0021.jpeg
LIVE/Honor 8A/replay_0022.jpeg,0,1,replay_0022.jpeg
LIVE/Honor 8A/replay_0023.jpeg,1,1,replay_0023.jpeg
LIVE/Honor 8A/replay_0024.jpeg,0,1,replay_0024.jpeg
LIVE/Honor 8A/replay_0025.jpeg,0,1,replay_0025.jpeg
LIVE/Honor 8A/replay_0026.jpeg,1,1,replay_0026.jpeg
LIVE/Honor 8A/replay_0027.jpeg,0,0,replay_0027.jpeg
LIVE/Honor 8A/replay_0028.jpeg,0,0,replay_0028.jpeg
LIVE/Honor 8A/replay_0029.jpeg,0,1,replay_0029.jpeg
LIVE/Honor 8A/replay_0030.jpeg,0,1,replay_0030.jpeg
LIVE/Honor 8A/replay_0031.jpeg,0,1,replay_0031.jpeg
LIVE/Honor 8A/replay_0032.jpeg,0,1,replay_0032.jpeg
LIVE/Honor 8A/replay_0033.jpeg,0,0,replay_0033.jpeg
LIVE/Honor 8A/replay_0034.jpeg,1,1,replay_0034.jpeg
LIVE/Honor 8A/replay_0035.jpeg,0,0,replay_0035.jpeg
LIVE/Honor 8A/replay_0036.jpeg,0,0,replay_0036.jpeg
LIVE/Honor 8A/replay_0037.jpeg,1,0,replay_0037.jpeg
LIVE/Honor 8A/replay_0038.jpeg,1,0,replay_0038.jpeg
LIVE/Honor 8A/replay_0039.jpeg,1,0,replay_0039.jpeg
LIVE/Honor 8A/replay_0040.jpeg,1,0,replay_0040.jpeg
LIVE/Honor 8A/replay_0041.jpeg,0,1,replay_0041.jpeg
LIVE/Honor 8A/replay_0042.jpeg,0,1,replay_0042.jpeg
LIVE/Honor 8A/replay_0043.jpeg,0,1,replay_0043.jpeg
LIVE/Honor 8A/replay_0044.jpeg,0,1,replay_0044.jpeg
LIVE/Honor 8A/replay_0045.jpeg,0,1,replay_0045.jpeg
LIVE/Honor 8A/replay_0046.jpeg,1,1,replay_0046.jpeg
LIVE/Honor 8A/replay_0047.jpeg,0,1,replay_0047.jpeg
LIVE/Honor 8A/replay_0048.jpeg,0,0,replay_0048.jpeg
LIVE/Honor 8A/replay_0049.jpeg,0,0,replay_0049.jpeg
LIVE/Honor 8A/replay_0050.jpeg,0,0,replay_0050.jpeg
LIVE/Honor 8A/replay_0051.jpeg,0,0,replay_0051.jpeg
LIVE/Honor 8A/replay_0052.jpeg,0,0,replay_0052.jpeg
LIVE/Honor 8A/replay_0053.jpeg,0,0,replay_0053.jpeg
LIVE/Honor 8A/replay_0054.jpeg,0,0,replay_0054.jpeg
LIVE/Honor 8A/replay_0055.jpeg,0,0,replay_0055.jpeg
LIVE/Honor 8A/replay_0056.jpeg,0,0,replay_0056.jpeg
LIVE/Honor 8A/replay_0057.jpeg,0,1,replay_0057.jpeg
LIVE/Honor 8A/replay_0058.jpeg,0,1,replay_0058.jpeg
LIVE/Honor 8A/replay_0059.jpeg,0,1,replay_0059.jpeg
LIVE/Honor 8A/replay_0060.jpeg,0,1,replay_0060.jpeg
LIVE/Honor 8A/replay_0061.jpeg,1,1,replay_0061.jpeg
LIVE/Honor 8A/replay_0062.jpeg,0,1,replay_0062.jpeg
LIVE/Honor 8A/replay_0063.jpeg,0,0,replay_0063.jpeg
LIVE/Honor 8A/replay_0064.jpeg,0,1,replay_0064.jpeg
LIVE/Honor 8A/replay_0065.jpeg,0,0,replay_0065.jpeg
LIVE/Honor 8A/replay_0066.jpeg,0,1,replay_0066.jpeg
LIVE/Honor 8A/replay_0067.jpeg,0,1,replay_0067.jpeg
LIVE/Honor 8A/replay_0068.jpeg,0,0,replay_0068.jpeg
LIVE/Honor 8A/replay_0069.jpeg,0,1,replay_0069.jpeg
LIVE/Honor 8A/replay_0070.jpeg,0,0,replay_0070.jpeg
LIVE/Honor 8A/replay_0071.jpeg,1,0,replay_0071.jpeg
LIVE/Honor 8A/replay_0072.jpeg,1,0,replay_0072.jpeg
LIVE/Honor 8A/replay_0073.jpeg,1,0,replay_0073.jpeg
LIVE/Honor 8A/replay_0074.jpeg,0,1,replay_0074.jpeg
LIVE/Honor 8A/replay_0075.jpeg,1,1,replay_0075.jpeg
LIVE/Honor 8A/replay_0076.jpeg,1,1,replay_0076.jpeg
LIVE/Honor 8A/replay_0077.jpeg,1,1,replay_0077.jpeg
LIVE/Honor 8A/replay_0078.jpeg,1,0,replay_0078.jpeg
LIVE/Honor 8A/replay_0079.jpeg,1,0,replay_0079.jpeg
LIVE/Honor 8A/replay_0080.jpeg,1,0,replay_0080.jpeg
LIVE/Honor 8A/replay_0081.jpeg,1,1,replay_0081.jpeg
LIVE/Honor 8A/replay_0082.jpeg,1,0,replay_0082.jpeg
LIVE/Honor 8A/replay_0083.jpeg,1,0,replay_0083.jpeg
LIVE/Honor 8A/replay_0084.jpeg,1,0,replay_0084.jpeg
LIVE/Honor 8A/replay_0085.jpeg,1,1,replay_0085.jpeg
LIVE/Honor 8A/replay_0086.jpeg,1,1,replay_0086.jpeg
LIVE/Honor 8A/replay_0087.jpeg,1,0,replay_0087.jpeg
LIVE/Honor 8A/replay_0088.jpeg,1,0,replay_0088.jpeg
LIVE/Honor 8A/replay_0089.jpeg,0,1,replay_0089.jpeg
LIVE/Honor 8A/replay_0090.jpeg,1,1,replay_0090.jpeg
LIVE/Honor 8A/replay_0091.jpeg,1,1,replay_0091.jpeg
LIVE/Honor 8A/replay_0092.jpeg,1,0,replay_0092.jpeg
LIVE/Honor 8A/replay_0093.jpeg,0,0,replay_0093.jpeg
LIVE/Honor 8A/replay_0094.jpeg,1,1,replay_0094.jpeg
LIVE/Honor 8A/replay_0095.jpeg,1,1,replay_0095.jpeg
LIVE/Honor 8A/replay_0096.jpeg,1,0,replay_0096.jpeg
LIVE/Honor 8A/replay_0097.jpeg,1,0,replay_0097.jpeg
LIVE/Honor 8A/replay_0098.jpeg,1,0,replay_0098.jpeg
LIVE/Honor 8A/replay_0099.jpeg,1,1,replay_0099.jpeg
LIVE/Honor 8A/replay_0100.jpeg,0,1,replay_0100.jpeg
LIVE/Honor 8A/replay_0101.jpeg,0,1,replay_0101.jpeg
LIVE/Honor 8A/replay_0102.jpeg,0,0,replay_0102.jpeg
LIVE/Honor 8A/replay_0103.jpeg,0,1,replay_0103.jpeg
LIVE/Honor 8A/replay_0104.jpeg,0,1,replay_0104.jpeg
LIVE/Honor 8A/replay_0105.jpeg,0,1,replay_0105.jpeg
LIVE/Honor 8A/replay_0106.jpeg,0,1,replay_0106.jpeg
LIVE/Honor 8A/replay_0107.jpeg,0,1,replay_0107.jpeg
LIVE/Honor 8A/replay_0108.jpeg,0,1,replay_0108.jpeg
LIVE/Honor 8A/replay_0109.jpeg,0,0,replay_0109.jpeg
LIVE/Honor 8A/replay_0110.jpeg,0,1,replay_0110.jpeg
LIVE/Honor 8A/replay_0111.jpeg,0,1,replay_0111.jpeg
LIVE/Honor 8A/replay_0112.jpeg,0,0,replay_0112.jpeg
LIVE/Honor 8A/replay_0113.jpeg,1,1,replay_0113.jpeg
LIVE/Honor 8A/replay_0114.jpeg,1,1,replay_0114.jpeg
LIVE/Honor 8A/replay_0115.jpeg,0,1,replay_0115.jpeg
LIVE/Honor 8A/replay_0116.jpeg,1,1,replay_0116.jpeg
LIVE/Honor 8A/replay_0117.jpeg,0,0,replay_0117.jpeg
LIVE/Honor 8A/replay_0118.jpeg,0,1,replay_0118.jpeg
LIVE/Honor 8A/replay_0119.jpeg,1,1,replay_0119.jpeg
LIVE/Honor 8A/replay_0120.jpeg,0,1,replay_0120.jpeg
LIVE/Honor 8A/replay_0121.jpeg,1,1,replay_0121.jpeg
LIVE/Honor 8A/replay_0122.jpeg,0,1,replay_0122.jpeg
LIVE/Honor 8A/replay_0123.jpeg,0,1,replay_0123.jpeg
LIVE/Honor 8A/replay_0124.jpeg,0,1,replay_0124.jpeg
LIVE/Honor 8A/replay_0125.jpeg,0,0,replay_0125.jpeg
LIVE/Honor 8A/replay_0126.jpeg,0,0,replay_0126.jpeg
LIVE/Honor 8A/replay_0127.jpeg,0,1,replay_0127.jpeg
LIVE/Honor 8A/replay_0128.jpeg,0,1,replay_0128.jpeg
LIVE/Honor 8A/replay_0129.jpeg,1,1,replay_0129.jpeg
LIVE/Honor 8A/replay_0130.jpeg,1,0,replay_0130.jpeg
LIVE/Honor 8A/replay_0131.jpeg,1,1,replay_0131.jpeg
LIVE/Honor 8A/replay_0132.jpeg,1,1,replay_0132.jpeg
LIVE/Honor 8A/replay_0133.jpeg,1,1,replay_0133.jpeg
LIVE/Honor 8A/replay_0134.jpeg,1,0,replay_0134.jpeg
LIVE/Honor 8A/replay_0135.jpeg,1,1,replay_0135.jpeg
LIVE/Honor 8A/replay_0136.jpeg,1,1,replay_0136.jpeg
LIVE/Honor 8A/replay_0137.jpeg,1,0,replay_0137.jpeg
LIVE/Honor 8A/replay_0138.jpeg,1,0,replay_0138.jpeg
LIVE/Honor 8A/replay_0139.jpeg,1,0,replay_0139.jpeg
LIVE/Honor 8A/replay_0140.jpeg,1,1,replay_0140.jpeg
LIVE/Honor 8A/replay_0141.jpeg,1,1,replay_0141.jpeg
LIVE/Honor 8A/replay_0142.jpeg,1,0,replay_0142.jpeg
LIVE/Honor 8A/replay_0143.jpeg,1,0,replay_0143.jpeg
LIVE/Honor 8A/replay_0144.jpeg,1,1,replay_0144.jpeg
LIVE/Honor 8A/replay_0145.jpeg,1,1,replay_0145.jpeg
LIVE/Honor 8A/replay_0146.jpeg,1,1,replay_0146.jpeg
LIVE/Honor 8A/replay_0147.jpeg,1,1,replay_0147.jpeg
LIVE/Honor 8A/replay_0148.jpeg,1,1,replay_0148.jpeg
LIVE/Honor 8A/replay_0149.jpeg,1,1,replay_0149.jpeg
LIVE/Honor 8A/replay_0150.jpeg,1,1,replay_0150.jpeg
LIVE/Honor 8A/replay_0151.jpeg,1,1,replay_0151.jpeg
LIVE/Honor 8A/replay_0152.jpeg,1,0,replay_0152.jpeg
LIVE/Honor 8A/replay_0153.jpeg,1,1,replay_0153.jpeg
LIVE/Honor 8A/replay_0154.jpeg,1,0,replay_0154.jpeg
LIVE/Honor 8A/replay_0155.jpeg,1,0,replay_0155.jpeg
LIVE/Honor 8A/replay_0156.jpeg,1,0,replay_0156.jpeg
LIVE/Honor 8A/replay_0157.jpeg,0,0,replay_0157.jpeg
LIVE/Honor 8A/replay_0158.jpeg,1,0,replay_0158.jpeg
LIVE/Honor 8A/replay_0159.jpeg,1,0,replay_0159.jpeg
LIVE/Honor 8A/replay_0160.jpeg,1,0,replay_0160.jpeg
LIVE/Honor 8A/replay_0161.jpeg,1,1,replay_0161.jpeg
LIVE/Honor 8A/replay_0162.jpeg,1,1,replay_0162.jpeg
LIVE/Honor 8A/replay_0163.jpeg,1,0,replay_0163.jpeg
LIVE/Honor 8A/replay_0164.jpeg,1,0,replay_0164.jpeg
LIVE/Honor 8A/replay_0165.jpeg,1,0,replay_0165.jpeg
LIVE/Honor 8A/replay_0166.jpeg,1,0,replay_0166.jpeg
LIVE/Honor 8A/replay_0167.jpeg,1,1,replay_0167.jpeg
LIVE/Honor 8A/replay_0168.jpeg,1,1,replay_0168.jpeg
LIVE/Honor 8A/replay_0169.jpeg,0,0,replay_0169.jpeg
LIVE/Honor 8A/replay_0170.jpeg,0,1,replay_0170.jpeg
LIVE/Honor 8A/replay_0171.jpeg,0,1,replay_0171.jpeg
LIVE/Honor 8A/replay_0172.jpeg,0,1,replay_0172.jpeg
LIVE/Honor 8A/replay_0173.jpeg,0,1,replay_0173.jpeg
LIVE/Honor 8A/replay_0174.jpeg,0,1,replay_0174.jpeg
LIVE/Honor 8A/replay_0175.jpeg,0,1,replay_0175.jpeg
LIVE/Honor 8A/replay_0176.jpeg,0,1,replay_0176.jpeg
LIVE/Honor 8A/replay_0177.jpeg,0,0,replay_0177.jpeg
LIVE/Honor 8A/replay_0178.jpeg,0,1,replay_0178.jpeg
LIVE/Honor 8A/replay_0179.jpeg,0,1,replay_0179.jpeg
LIVE/Honor 8A/replay_0180.jpeg,0,1,replay_0180.jpeg
LIVE/Honor 8A/replay_0181.jpeg,0,1,replay_0181.jpeg
LIVE/Honor 8A/replay_0182.jpeg,0,1,replay_0182.jpeg
LIVE/Honor 8A/replay_0183.jpeg,0,1,replay_0183.jpeg
LIVE/Honor 8A/replay_0184.jpeg,0,0,replay_0184.jpeg
LIVE/Honor 8A/replay_0185.jpeg,0,1,replay_0185.jpeg
LIVE/Honor 8A/replay_0186.jpeg,0,1,replay_0186.jpeg
LIVE/Honor 8A/replay_0187.jpeg,0,1,replay_0187.jpeg
LIVE/Honor 8A/replay_0188.jpeg,0,1,replay_0188.jpeg
LIVE/Honor 8A/replay_0189.jpeg,0,0,replay_0189.jpeg
LIVE/Honor 8A/replay_0190.jpeg,0,1,replay_0190.jpeg
LIVE/Honor 8A/replay_0191.jpeg,0,0,replay_0191.jpeg
LIVE/Honor 8A/replay_0192.jpeg,0,1,replay_0192.jpeg
LIVE/Honor 8A/replay_0193.jpeg,0,1,replay_0193.jpeg
LIVE/Honor 8A/replay_0194.jpeg,0,1,replay_0194.jpeg
LIVE/Honor 8A/replay_0195.jpeg,0,1,replay_0195.jpeg
LIVE/Honor 8A/replay_0196.jpeg,0,1,replay_0196.jpeg
LIVE/Honor 8A/replay_0197.jpeg,0,0,replay_0197.jpeg
LIVE/Honor 8A/replay_0198.jpeg,0,1,replay_0198.jpeg
LIVE/Honor 8A/replay_0199.jpeg,0,1,replay_0199.jpeg
LIVE/Honor 8A/replay_0200.jpeg,0,1,replay_0200.jpeg
LIVE/Honor 8A/replay_0201.jpeg,0,0,replay_0201.jpeg
LIVE/Honor 8A/replay_0202.jpeg,1,1,replay_0202.jpeg
LIVE/Honor 8A/replay_0203.jpeg,0,1,replay_0203.jpeg
LIVE/Honor 8A/replay_0204.jpeg,0,0,replay_0204.jpeg
LIVE/Honor 8A/replay_0205.jpeg,0,1,replay_0205.jpeg
LIVE/Honor 8A/replay_0206.jpeg,0,0,replay_0206.jpeg
LIVE/Honor 8A/replay_0207.jpeg,0,0,replay_0207.jpeg
LIVE/Honor 8A/replay_0208.jpeg,0,0,replay_0208.jpeg
LIVE/Honor 8A/replay_0209.jpeg,0,0,replay_0209.jpeg
LIVE/Honor 8A/replay_0210.jpeg,0,0,replay_0210.jpeg
LIVE/Honor 8A/replay_0211.jpeg,0,0,replay_0211.jpeg
LIVE/Honor 8A/replay_0212.jpeg,0,1,replay_0212.jpeg
LIVE/Honor 8A/replay_0213.jpeg,0,1,replay_0213.jpeg
LIVE/Honor 8A/replay_0214.jpeg,0,0,replay_0214.jpeg
LIVE/Honor 8A/replay_0215.jpeg,1,0,replay_0215.jpeg
LIVE/Honor 8A/replay_0216.jpeg,1,0,replay_0216.jpeg
LIVE/Honor 8A/replay_0217.jpeg,0,1,replay_0217.jpeg
LIVE/Honor 8A/replay_0218.jpeg,0,0,replay_0218.jpeg
LIVE/Honor 8A/replay_0219.jpeg,1,0,replay_0219.jpeg
LIVE/Honor 8A/replay_0220.jpeg,1,0,replay_0220.jpeg
LIVE/Honor 8A/replay_0221.jpeg,1,0,replay_0221.jpeg
LIVE/Honor 8A/replay_0222.jpeg,1,0,replay_0222.jpeg
LIVE/Honor 8A/replay_0223.jpeg,0,0,replay_0223.jpeg
LIVE/Honor 8A/replay_0224.jpeg,0,0,replay_0224.jpeg
LIVE/Honor 8A/replay_0225.jpeg,1,0,replay_0225.jpeg
LIVE/Honor 8A/replay_0226.jpeg,1,0,replay_0226.jpeg
LIVE/Honor 8A/replay_0227.jpeg,1,0,replay_0227.jpeg
LIVE/Honor 8A/replay_0228.jpeg,1,0,replay_0228.jpeg
LIVE/Honor 8A/replay_0229.jpeg,1,1,replay_0229.jpeg
LIVE/Honor 8A/replay_0230.jpeg,1,1,replay_0230.jpeg
LIVE/Honor 8A/replay_0231.jpeg,1,1,replay_0231.jpeg
LIVE/Honor 8A/replay_0232.jpeg,1,1,replay_0232.jpeg
LIVE/Honor 8A/replay_0233.jpeg,1,1,replay_0233.jpeg
LIVE/Honor 8A/replay_0234.jpeg,0,0,replay_0234.jpeg
LIVE/Honor 8A/replay_0235.jpeg,1,1,replay_0235.jpeg
LIVE/Honor 8A/replay_0236.jpeg,0,1,replay_0236.jpeg
LIVE/Honor 8A/replay_0237.jpeg,0,0,replay_0237.jpeg
LIVE/Honor 8A/replay_0238.jpeg,1,0,replay_0238.jpeg
LIVE/Honor 8A/replay_0239.jpeg,0,1,replay_0239.jpeg
LIVE/Honor 8A/replay_0240.jpeg,0,0,replay_0240.jpeg
LIVE/Honor 8A/replay_0241.jpeg,0,1,replay_0241.jpeg
LIVE/Honor 8A/replay_0242.jpeg,1,0,replay_0242.jpeg
LIVE/Honor 8A/replay_0243.jpeg,0,1,replay_0243.jpeg
LIVE/Honor 8A/replay_0244.jpeg,1,1,replay_0244.jpeg
LIVE/Honor 8A/replay_0245.jpeg,1,1,replay_0245.jpeg
LIVE/Honor 8A/replay_0246.jpeg,1,0,replay_0246.jpeg
LIVE/Honor 8A/replay_0247.jpeg,1,0,replay_0247.jpeg
LIVE/Honor 8A/replay_0248.jpeg,1,0,replay_0248.jpeg
LIVE/Honor 8A/replay_0249.jpeg,1,1,replay_0249.jpeg
LIVE/Honor 8A/replay_0250.jpeg,1,0,replay_0250.jpeg
LIVE/Honor 8A/replay_0251.jpeg,1,1,replay_0251.jpeg
LIVE/Honor 8A/replay_0252.jpeg,1,0,replay_0252.jpeg
LIVE/Honor 8A/replay_0253.jpeg,1,1,replay_0253.jpeg
LIVE/Honor 8A/replay_0254.jpeg,1,0,replay_0254.jpeg
LIVE/Honor 8A/replay_0255.jpeg,1,1,replay_0255.jpeg
LIVE/Honor 8A/replay_0256.jpeg,1,0,replay_0256.jpeg
LIVE/Honor 8A/replay_0257.jpeg,1,1,replay_0257.jpeg
LIVE/Honor 8A/replay_0258.jpeg,1,0,replay_0258.jpeg
LIVE/Honor 8A/replay_0259.jpeg,1,1,replay_0259.jpeg
LIVE/Honor 8A/replay_0260.jpeg,1,0,replay_0260.jpeg
LIVE/Honor 8A/replay_0261.jpeg,1,1,replay_0261.jpeg
LIVE/Honor 8A/replay_0262.jpeg,1,0,replay_0262.jpeg
LIVE/Honor 8A/replay_0263.jpeg,1,1,replay_0263.jpeg
LIVE/Honor 8A/replay_0264.jpeg,1,0,replay_0264.jpeg
LIVE/Honor 8A/replay_0265.jpeg,1,1,replay_0265.jpeg
LIVE/Honor 8A/replay_0266.jpeg,1,0,replay_0266.jpeg
LIVE/Honor 8A/replay_0267.jpeg,1,1,replay_0267.jpeg
LIVE/Honor 8A/replay_0268.jpeg,1,1,replay_0268.jpeg
LIVE/Honor 8A/replay_0269.jpeg,0,1,replay_0269.jpeg
LIVE/Honor 8A/replay_0270.jpeg,1,0,replay_0270.jpeg
LIVE/Honor 8A/replay_0271.jpeg,1,1,replay_0271.jpeg
LIVE/Honor 8A/replay_0272.jpeg,1,0,replay_0272.jpeg
LIVE/Honor 8A/replay_0273.jpeg,1,1,replay_0273.jpeg
LIVE/Honor 8A/replay_0274.jpeg,0,0,replay_0274.jpeg
LIVE/Honor 8A/replay_0275.jpeg,1,1,replay_0275.jpeg
LIVE/Honor 8A/replay_0276.jpeg,1,0,replay_0276.jpeg
LIVE/Honor 8A/replay_0277.jpeg,1,0,replay_0277.jpeg
LIVE/Honor 8A/replay_0278.jpeg,1,1,replay_0278.jpeg
LIVE/Honor 8A/replay_0279.jpeg,1,0,replay_0279.jpeg
LIVE/Honor 8A/replay_0280.jpeg,1,1,replay_0280.jpeg
LIVE/Honor 8A/replay_0281.jpeg,1,0,replay_0281.jpeg
LIVE/Honor 8A/replay_0282.jpeg,1,1,replay_0282.jpeg
LIVE/Honor 8A/replay_0283.jpeg,1,1,replay_0283.jpeg
LIVE/Honor 8A/replay_0284.jpeg,1,1,replay_0284.jpeg
LIVE/Honor 8A/replay_0285.jpeg,1,1,replay_0285.jpeg
LIVE/Honor 8A/replay_0286.jpeg,1,1,replay_0286.jpeg
LIVE/Honor 8A/replay_0287.jpeg,1,1,replay_0287.jpeg
LIVE/Honor 8A/replay_0288.jpeg,1,1,replay_0288.jpeg
LIVE/Honor 8A/replay_0289.jpeg,0,1,replay_0289.jpeg
LIVE/Honor 8A/replay_0290.jpeg,1,1,replay_0290.jpeg
LIVE/Honor 8A/replay_0291.jpeg,1,1,replay_0291.jpeg
LIVE/Honor 8A/replay_0292.jpeg,1,1,replay_0292.jpeg
LIVE/Honor 8A/replay_0293.jpeg,0,0,replay_0293.jpeg
LIVE/Honor 8A/replay_0294.jpeg,1,0,replay_0294.jpeg
LIVE/Honor 8A/replay_0295.jpeg,1,1,replay_0295.jpeg
LIVE/Honor 8A/replay_0296.jpeg,1,1,replay_0296.jpeg
LIVE/Honor 8A/replay_0297.jpeg,1,1,replay_0297.jpeg
LIVE/Honor 8A/replay_0298.jpeg,1,0,replay_0298.jpeg
LIVE/Honor 8A/replay_0299.jpeg,1,1,replay_0299.jpeg
LIVE/Honor 8A/replay_0300.jpeg,1,1,replay_0300.jpeg
LIVE/Honor 8A/replay_0301.jpeg,1,0,replay_0301.jpeg
LIVE/Honor 8A/replay_0302.jpeg,1,1,replay_0302.jpeg
LIVE/Honor 8A/replay_0303.jpeg,0,1,replay_0303.jpeg
LIVE/Honor 8A/replay_0304.jpeg,1,0,replay_0304.jpeg
LIVE/Honor 8A/replay_0305.jpeg,1,0,replay_0305.jpeg
LIVE/Honor 8A/replay_0306.jpeg,1,1,replay_0306.jpeg
LIVE/Honor 8A/replay_0307.jpeg,1,1,replay_0307.jpeg
LIVE/Honor 8A/replay_0308.jpeg,1,1,replay_0308.jpeg
LIVE/Honor 8A/replay_0309.jpeg,1,0,replay_0309.jpeg
LIVE/Honor 8A/replay_0310.jpeg,1,1,replay_0310.jpeg
LIVE/Honor 8A/replay_0311.jpeg,1,0,replay_0311.jpeg
LIVE/Honor 8A/replay_0312.jpeg,1,1,replay_0312.jpeg
LIVE/Honor 8A/replay_0313.jpeg,1,1,replay_0313.jpeg
LIVE/Honor 8A/replay_0314.jpeg,1,0,replay_0314.jpeg
LIVE/Honor 8A/replay_0315.jpeg,1,1,replay_0315.jpeg
LIVE/Honor 8A/replay_0316.jpeg,0,1,replay_0316.jpeg
LIVE/Honor 8A/replay_0317.jpeg,1,1,replay_0317.jpeg
LIVE/Honor 8A/replay_0318.jpeg,1,1,replay_0318.jpeg
LIVE/Honor 8A/replay_0319.jpeg,1,1,replay_0319.jpeg
LIVE/Honor 8A/replay_0320.jpeg,1,0,replay_0320.jpeg
LIVE/Honor 8A/replay_0321.jpeg,1,1,replay_0321.jpeg
LIVE/Honor 8A/replay_0322.jpeg,1,1,replay_0322.jpeg
LIVE/Honor 8A/replay_0323.jpeg,0,0,replay_0323.jpeg
LIVE/Honor 8A/replay_0324.jpeg,1,0,replay_0324.jpeg
LIVE/Honor 8A/replay_0325.jpeg,1,0,replay_0325.jpeg
LIVE/Honor 8A/replay_0326.jpeg,1,0,replay_0326.jpeg
LIVE/Honor 8A/replay_0327.jpeg,1,0,replay_0327.jpeg
LIVE/Huawei P30 Lite/replay_0328.jpeg,1,1,replay_0328.jpeg
LIVE/Huawei P30 Lite/replay_0329.jpeg,1,1,replay_0329.jpeg
LIVE/Huawei P30 Lite/replay_0330.jpeg,1,0,replay_0330.jpeg
LIVE/Huawei P30 Lite/replay_0331.jpeg,1,0,replay_0331.jpeg
LIVE/Huawei P30 Lite/replay_0332.jpeg,1,0,replay_0332.jpeg
LIVE/Huawei P30 Lite/replay_0333.jpeg,1,1,replay_0333.jpeg
LIVE/Huawei P30 Lite/replay_0334.jpeg,1,1,replay_0334.jpeg
LIVE/Huawei P30 Lite/replay_0335.jpeg,1,1,replay_0335.jpeg
LIVE/Huawei P30 Lite/replay_0336.jpeg,1,1,replay_0336.jpeg
LIVE/Huawei P30 Lite/replay_0337.jpeg,1,1,replay_0337.jpeg
LIVE/Huawei P30 Lite/replay_0338.jpeg,1,1,replay_0338.jpeg
LIVE/Huawei P30 Lite/replay_0339.jpeg,1,1,replay_0339.jpeg
LIVE/Huawei P30 Lite/replay_0340.jpeg,1,1,replay_0340.jpeg
LIVE/Huawei P30 Lite/replay_0341.jpeg,1,1,replay_0341.jpeg
LIVE/Huawei P30 Lite/replay_0342.jpeg,1,1,replay_0342.jpeg
LIVE/Huawei P30 Lite/replay_0343.jpeg,1,1,replay_0343.jpeg
LIVE/Huawei P30 Lite/replay_0344.jpeg,1,1,replay_0344.jpeg
LIVE/Huawei P30 Lite/replay_0345.jpeg,1,1,replay_0345.jpeg
LIVE/Huawei P30 Lite/replay_0346.jpeg,1,1,replay_0346.jpeg
LIVE/Huawei P30 Lite/replay_0347.jpeg,1,1,replay_0347.jpeg
LIVE/Huawei P30 Lite/replay_0348.jpeg,1,1,replay_0348.jpeg
LIVE/Huawei P30 Lite/replay_0349.jpeg,1,1,replay_0349.jpeg
LIVE/Huawei P30 Lite/replay_0350.jpeg,1,1,replay_0350.jpeg
LIVE/Huawei P30 Lite/replay_0351.jpeg,1,0,replay_0351.jpeg
LIVE/Huawei P30 Lite/replay_0352.jpeg,1,1,replay_0352.jpeg
LIVE/Huawei P30 Lite/replay_0353.jpeg,1,0,replay_0353.jpeg
LIVE/Huawei P30 Lite/replay_0354.jpeg,1,1,replay_0354.jpeg
LIVE/Huawei P30 Lite/replay_0355.jpeg,1,1,replay_0355.jpeg
LIVE/Huawei P30 Lite/replay_0356.jpeg,1,1,replay_0356.jpeg
LIVE/Huawei P30 Lite/replay_0357.jpeg,1,1,replay_0357.jpeg
LIVE/Huawei P30 Lite/replay_0358.jpeg,1,1,replay_0358.jpeg
LIVE/Huawei P30 Lite/replay_0359.jpeg,1,1,replay_0359.jpeg
LIVE/Huawei P30 Lite/replay_0360.jpeg,1,1,replay_0360.jpeg
LIVE/Huawei P30 Lite/replay_0361.jpeg,1,1,replay_0361.jpeg
LIVE/Huawei P30 Lite/replay_0362.jpeg,1,1,replay_0362.jpeg
LIVE/Huawei P30 Lite/replay_0363.jpeg,1,1,replay_0363.jpeg
LIVE/Huawei P30 Lite/replay_0364.jpeg,1,1,replay_0364.jpeg
LIVE/Huawei P30 Lite/replay_0365.jpeg,1,1,replay_0365.jpeg
LIVE/Huawei P30 Lite/replay_0366.jpeg,1,0,replay_0366.jpeg
LIVE/Huawei P30 Lite/replay_0367.jpeg,1,1,replay_0367.jpeg
LIVE/Huawei P30 Lite/replay_0368.jpeg,1,1,replay_0368.jpeg
LIVE/Huawei P30 Lite/replay_0369.jpeg,1,1,replay_0369.jpeg
LIVE/Huawei P30 Lite/replay_0370.jpeg,1,1,replay_0370.jpeg
LIVE/Huawei P30 Lite/replay_0371.jpeg,1,1,replay_0371.jpeg
LIVE/Huawei P30 Lite/replay_0372.jpeg,1,0,replay_0372.jpeg
LIVE/Huawei P30 Lite/replay_0373.jpeg,1,1,replay_0373.jpeg
LIVE/Huawei P30 Lite/replay_0374.jpeg,1,1,replay_0374.jpeg
LIVE/Huawei P30 Lite/replay_0375.jpeg,1,1,replay_0375.jpeg
LIVE/Huawei P30 Lite/replay_0376.jpeg,1,0,replay_0376.jpeg
LIVE/Huawei P30 Lite/replay_0377.jpeg,1,1,replay_0377.jpeg
LIVE/Huawei P30 Lite/replay_0378.jpeg,1,1,replay_0378.jpeg
LIVE/Huawei P30 Lite/replay_0379.jpeg,1,0,replay_0379.jpeg
LIVE/Huawei P30 Lite/replay_0380.jpeg,1,1,replay_0380.jpeg
LIVE/Huawei P30 Lite/replay_0381.jpeg,1,0,replay_0381.jpeg
LIVE/Huawei P30 Lite/replay_0382.jpeg,1,1,replay_0382.jpeg
LIVE/Huawei P30 Lite/replay_0383.jpeg,1,1,replay_0383.jpeg
LIVE/Huawei P30 Lite/replay_0384.jpeg,1,0,replay_0384.jpeg
LIVE/Huawei P30 Lite/replay_0385.jpeg,1,0,replay_0385.jpeg
LIVE/Huawei P30 Lite/replay_0386.jpeg,1,1,replay_0386.jpeg
LIVE/Huawei P30 Lite/replay_0387.jpeg,1,1,replay_0387.jpeg
LIVE/Huawei P30 Lite/replay_0388.jpeg,1,1,replay_0388.jpeg
LIVE/Huawei P30 Lite/replay_0389.jpeg,1,1,replay_0389.jpeg
LIVE/Huawei P30 Lite/replay_0390.jpeg,1,0,replay_0390.jpeg
LIVE/Huawei P30 Lite/replay_0391.jpeg,1,1,replay_0391.jpeg
LIVE/Huawei P30 Lite/replay_0392.jpeg,1,1,replay_0392.jpeg
LIVE/Huawei P30 Lite/replay_0393.jpeg,1,1,replay_0393.jpeg
LIVE/Huawei P30 Lite/replay_0394.jpeg,1,0,replay_0394.jpeg
LIVE/Huawei P30 Lite/replay_0395.jpeg,1,1,replay_0395.jpeg
LIVE/Huawei P30 Lite/replay_0396.jpeg,1,1,replay_0396.jpeg
LIVE/Huawei P30 Lite/replay_0397.jpeg,1,1,replay_0397.jpeg
LIVE/Huawei P30 Lite/replay_0398.jpeg,1,1,replay_0398.jpeg
LIVE/Huawei P30 Lite/replay_0399.jpeg,1,1,replay_0399.jpeg
LIVE/Huawei P30 Lite/replay_0400.jpeg,1,1,replay_0400.jpeg
LIVE/Huawei P30 Lite/replay_0401.jpeg,1,1,replay_0401.jpeg
LIVE/Huawei P30 Lite/replay_0402.jpeg,1,0,replay_0402.jpeg
LIVE/Huawei P30 Lite/replay_0403.jpeg,1,1,replay_0403.jpeg
LIVE/Huawei P30 Lite/replay_0404.jpeg,1,1,replay_0404.jpeg
LIVE/Huawei P30 Lite/replay_0405.jpeg,1,0,replay_0405.jpeg
LIVE/Huawei P30 Lite/replay_0406.jpeg,1,1,replay_0406.jpeg
LIVE/Huawei P30 Lite/replay_0407.jpeg,1,1,replay_0407.jpeg
LIVE/Huawei P30 Lite/replay_0408.jpeg,1,0,replay_0408.jpeg
LIVE/Huawei P30 Lite/replay_0409.jpeg,1,0,replay_0409.jpeg
LIVE/Huawei P30 Lite/replay_0410.jpeg,1,1,replay_0410.jpeg
LIVE/Huawei P30 Lite/replay_0411.jpeg,1,0,replay_0411.jpeg
LIVE/Huawei P30 Lite/replay_0412.jpeg,1,0,replay_0412.jpeg
LIVE/Huawei P30 Lite/replay_0413.jpeg,1,1,replay_0413.jpeg
LIVE/Huawei P30 Lite/replay_0414.jpeg,1,1,replay_0414.jpeg
LIVE/Samsung Galaxy J3/replay_0415.jpeg,0,1,replay_0415.jpeg
LIVE/Samsung Galaxy J3/replay_0416.jpeg,0,1,replay_0416.jpeg
LIVE/Samsung Galaxy J3/replay_0417.jpeg,0,1,replay_0417.jpeg
LIVE/Samsung Galaxy J3/replay_0418.jpeg,0,1,replay_0418.jpeg
LIVE/Samsung Galaxy J3/replay_0419.jpeg,0,1,replay_0419.jpeg
LIVE/Samsung Galaxy J3/replay_0420.jpeg,0,0,replay_0420.jpeg
LIVE/Samsung Galaxy J3/replay_0421.jpeg,0,1,replay_0421.jpeg
LIVE/Samsung Galaxy J3/replay_0422.jpeg,0,1,replay_0422.jpeg
LIVE/Samsung Galaxy J3/replay_0423.jpeg,0,1,replay_0423.jpeg
LIVE/Samsung Galaxy J3/replay_0424.jpeg,0,1,replay_0424.jpeg
LIVE/Samsung Galaxy J3/replay_0425.jpeg,0,1,replay_0425.jpeg
LIVE/Samsung Galaxy J3/replay_0426.jpeg,0,1,replay_0426.jpeg
LIVE/Samsung Galaxy J3/replay_0427.jpeg,0,1,replay_0427.jpeg
LIVE/Samsung Galaxy J3/replay_0428.jpeg,0,1,replay_0428.jpeg
LIVE/Samsung Galaxy J3/replay_0429.jpeg,0,1,replay_0429.jpeg
LIVE/Samsung Galaxy J3/replay_0430.jpeg,0,1,replay_0430.jpeg
LIVE/Samsung Galaxy J3/replay_0431.jpeg,0,1,replay_0431.jpeg
LIVE/Samsung Galaxy J3/replay_0432.jpeg,0,1,replay_0432.jpeg
LIVE/Samsung Galaxy J3/replay_0433.jpeg,0,1,replay_0433.jpeg
LIVE/Samsung Galaxy J3/replay_0434.jpeg,0,1,replay_0434.jpeg
LIVE/Samsung Galaxy J3/replay_0435.jpeg,0,1,replay_0435.jpeg
LIVE/Samsung Galaxy J3/replay_0436.jpeg,0,1,replay_0436.jpeg
LIVE/Samsung Galaxy J3/replay_0437.jpeg,0,1,replay_0437.jpeg
LIVE/Samsung Galaxy J3/replay_0438.jpeg,0,1,replay_0438.jpeg
LIVE/Samsung Galaxy J3/replay_0439.jpeg,0,1,replay_0439.jpeg
LIVE/Samsung Galaxy J3/replay_0440.jpeg,0,1,replay_0440.jpeg
LIVE/Samsung Galaxy J3/replay_0441.jpeg,0,1,replay_0441.jpeg
LIVE/Samsung Galaxy J3/replay_0442.jpeg,0,1,replay_0442.jpeg
LIVE/Samsung Galaxy J3/replay_0443.jpeg,0,1,replay_0443.jpeg
LIVE/Samsung Galaxy J3/replay_0444.jpeg,0,1,replay_0444.jpeg
LIVE/Samsung Galaxy J3/replay_0445.jpeg,0,1,replay_0445.jpeg
LIVE/Samsung Galaxy J3/replay_0446.jpeg,0,1,replay_0446.jpeg
LIVE/Samsung Galaxy J3/replay_0447.jpeg,0,1,replay_0447.jpeg
LIVE/Samsung Galaxy J3/replay_0448.jpeg,0,1,replay_0448.jpeg
LIVE/Samsung Galaxy J3/replay_0449.jpeg,0,1,replay_0449.jpeg
LIVE/Samsung Galaxy J3/replay_0450.jpeg,0,1,replay_0450.jpeg
LIVE/Samsung Galaxy J3/replay_0451.jpeg,0,1,replay_0451.jpeg
LIVE/Samsung Galaxy J3/replay_0452.jpeg,0,1,replay_0452.jpeg
LIVE/Samsung Galaxy J3/replay_0453.jpeg,0,1,replay_0453.jpeg
LIVE/Samsung Galaxy J3/replay_0454.jpeg,0,0,replay_0454.jpeg
LIVE/Samsung Galaxy J3/replay_0455.jpeg,0,0,replay_0455.jpeg
LIVE/Samsung Galaxy J3/replay_0456.jpeg,1,1,replay_0456.jpeg
LIVE/Samsung Galaxy J3/replay_0457.jpeg,0,1,replay_0457.jpeg
LIVE/Samsung Galaxy J3/replay_0458.jpeg,0,1,replay_0458.jpeg
LIVE/Samsung Galaxy J3/replay_0459.jpeg,0,1,replay_0459.jpeg
LIVE/Samsung Galaxy J3/replay_0460.jpeg,0,1,replay_0460.jpeg
LIVE/Samsung Galaxy J3/replay_0461.jpeg,0,1,replay_0461.jpeg
LIVE/Samsung Galaxy J3/replay_0462.jpeg,0,0,replay_0462.jpeg
LIVE/Samsung Galaxy J3/replay_0463.jpeg,1,1,replay_0463.jpeg
LIVE/Samsung Galaxy J3/replay_0464.jpeg,1,1,replay_0464.jpeg
LIVE/Samsung Galaxy J3/replay_0465.jpeg,1,1,replay_0465.jpeg
LIVE/Samsung Galaxy J3/replay_0466.jpeg,1,1,replay_0466.jpeg
LIVE/Samsung Galaxy J3/replay_0467.jpeg,0,1,replay_0467.jpeg
LIVE/Samsung Galaxy J3/replay_0468.jpeg,0,1,replay_0468.jpeg
LIVE/Samsung Galaxy J3/replay_0469.jpeg,0,1,replay_0469.jpeg
LIVE/Samsung Galaxy J3/replay_0470.jpeg,0,1,replay_0470.jpeg
LIVE/Samsung Galaxy J3/replay_0471.jpeg,0,0,replay_0471.jpeg
LIVE/Samsung Galaxy J3/replay_0472.jpeg,0,0,replay_0472.jpeg
LIVE/Samsung Galaxy J3/replay_0473.jpeg,0,0,replay_0473.jpeg
LIVE/Samsung Galaxy J3/replay_0474.jpeg,1,1,replay_0474.jpeg
LIVE/Samsung Galaxy J3/replay_0475.jpeg,1,1,replay_0475.jpeg
LIVE/Samsung Galaxy J3/replay_0476.jpeg,0,1,replay_0476.jpeg
LIVE/Samsung Galaxy J3/replay_0477.jpeg,0,0,replay_0477.jpeg
LIVE/Samsung Galaxy J3/replay_0478.jpeg,0,1,replay_0478.jpeg
LIVE/Samsung Galaxy J3/replay_0479.jpeg,0,1,replay_0479.jpeg
LIVE/Samsung Galaxy J3/replay_0480.jpeg,0,1,replay_0480.jpeg
LIVE/Samsung Galaxy J3/replay_0481.jpeg,0,1,replay_0481.jpeg
LIVE/Samsung Galaxy J3/replay_0482.jpeg,0,1,replay_0482.jpeg
LIVE/Samsung Galaxy J3/replay_0483.jpeg,0,1,replay_0483.jpeg
LIVE/Samsung Galaxy J3/replay_0484.jpeg,1,1,replay_0484.jpeg
LIVE/Samsung Galaxy J3/replay_0485.jpeg,1,1,replay_0485.jpeg
LIVE/Samsung Galaxy J3/replay_0486.jpeg,1,1,replay_0486.jpeg
LIVE/Samsung Galaxy J3/replay_0487.jpeg,1,1,replay_0487.jpeg
LIVE/Samsung Galaxy J3/replay_0488.jpeg,1,1,replay_0488.jpeg
LIVE/Samsung Galaxy J3/replay_0489.jpeg,1,1,replay_0489.jpeg
LIVE/Samsung Galaxy J3/replay_0490.jpeg,0,1,replay_0490.jpeg
LIVE/Samsung Galaxy J3/replay_0491.jpeg,1,1,replay_0491.jpeg
LIVE/Samsung Galaxy J3/replay_0492.jpeg,1,1,replay_0492.jpeg
LIVE/Samsung Galaxy J3/replay_0493.jpeg,1,1,replay_0493.jpeg
LIVE/Samsung Galaxy J3/replay_0494.jpeg,1,1,replay_0494.jpeg
LIVE/Samsung Galaxy J3/replay_0495.jpeg,1,1,replay_0495.jpeg
LIVE/Samsung Galaxy J3/replay_0496.jpeg,1,1,replay_0496.jpeg
LIVE/Samsung Galaxy J3/replay_0497.jpeg,1,1,replay_0497.jpeg
REPLAY/Honor 8A by Samsung Galaxy J3/replay_0498.jpeg,1,1,replay_0498.jpeg
REPLAY/Honor 8A by Samsung Galaxy J3/replay_0499.jpeg,1,1,replay_0499.jpeg
REPLAY/Honor 8A by Samsung Galaxy J3/replay_0500.jpeg,0,1,replay_0500.jpeg
REPLAY/Honor 8A by Samsung Galaxy J3/replay_0501.jpeg,0,0,replay_0501.jpeg
REPLAY/Honor 8A by Samsung Galaxy J3/replay_0502.jpeg,0,1,replay_0502.jpeg
REPLAY/Honor 8A by Samsung Galaxy J3/replay_0503.jpeg,1,1,replay_0503.jpeg
REPLAY/Honor 8A by Samsung Galaxy J3/replay_0504.jpeg,1,1,replay_0504.jpeg
REPLAY/Honor 8A by Samsung Galaxy J3/replay_0505.jpeg,0,1,replay_0505.jpeg
REPLAY/Honor 8A by Samsung Galaxy J3/replay_0506.jpeg,1,1,replay_0506.jpeg
REPLAY/Honor 8A by Samsung Galaxy J3/replay_0507.jpeg,0,1,replay_0507.jpeg
REPLAY/Honor 8A by Samsung Galaxy J3/replay_0508.jpeg,0,1,replay_0508.jpeg
REPLAY/Honor 8A by Samsung Galaxy J3/replay_0509.jpeg,,,replay_0509.jpeg
REPLAY/Honor 8A by Samsung Galaxy J3/replay_0510.jpeg,,,replay_0510.jpeg
REPLAY/Honor 8A by Samsung Galaxy J3/replay_0511.jpeg,,,replay_0511.jpeg
REPLAY/Honor 8A by Samsung Galaxy J3/replay_0512.jpeg,,,replay_0512.jpeg
REPLAY/Honor 8A by Samsung Galaxy J3/replay_0513.jpeg,,,replay_0513.jpeg
REPLAY/Honor 8A by Samsung Galaxy J3/replay_0514.jpeg,,,replay_0514.jpeg
REPLAY/Honor 8A by Samsung Galaxy J3/replay_0515.jpeg,,,replay_0515.jpeg
REPLAY/Honor 8A by Samsung Galaxy J3/replay_0516.jpeg,,,replay_0516.jpeg
REPLAY/Honor 8A by Samsung Galaxy J3/replay_0517.jpeg,,,replay_0517.jpeg
REPLAY/Honor 8A by Samsung Galaxy J3/replay_0518.jpeg,,,replay_0518.jpeg
REPLAY/Honor 8A by Samsung Galaxy J3/replay_0519.jpeg,,,replay_0519.jpeg
REPLAY/Honor 8A by Samsung Galaxy J3/replay_0520.jpeg,,,replay_0520.jpeg
REPLAY/Honor 8A by Samsung Galaxy J3/replay_0521.jpeg,,,replay_0521.jpeg
REPLAY/Honor 8A by Samsung Galaxy J3/replay_0522.jpeg,,,replay_0522.jpeg
REPLAY/Honor 8A by Samsung Galaxy J3/replay_0523.jpeg,,,replay_0523.jpeg
REPLAY/Honor 8A by Samsung Galaxy J3/replay_0524.jpeg,,,replay_0524.jpeg
REPLAY/Honor 8A by Samsung Galaxy J3/replay_0525.jpeg,,,replay_0525.jpeg
REPLAY/Honor 8A by Samsung Galaxy J3/replay_0526.jpeg,,,replay_0526.jpeg
REPLAY/Honor 8A by Samsung Galaxy J3/replay_0527.jpeg,,,replay_0527.jpeg
REPLAY/Honor 8A by Samsung Galaxy J3/replay_0528.jpeg,,,replay_0528.jpeg
REPLAY/Honor 8A by Samsung Galaxy J3/replay_0529.jpeg,,,replay_0529.jpeg
REPLAY/Honor 8A by Samsung Galaxy J3/replay_0530.jpeg,,,replay_0530.jpeg
REPLAY/Honor 8A by Samsung Galaxy J3/replay_0531.jpeg,,,replay_0531.jpeg
REPLAY/Honor 8A by Samsung Galaxy J3/replay_0532.jpeg,,,replay_0532.jpeg
REPLAY/Honor 8A by Samsung Galaxy J3/replay_0533.jpeg,,,replay_0533.jpeg
REPLAY/Honor 8A by Samsung Galaxy J3/replay_0534.jpeg,,,replay_0534.jpeg
REPLAY/Honor 8A by Samsung Galaxy J3/replay_0535.jpeg,,,replay_0535.jpeg
REPLAY/Honor 8A by Samsung Galaxy J3/replay_0536.jpeg,,,replay_0536.jpeg
REPLAY/Honor 8A by Samsung Galaxy J3/replay_0537.jpeg,,,replay_0537.jpeg
REPLAY/Honor 8A by Samsung Galaxy J3/replay_0538.jpeg,,,replay_0538.jpeg
REPLAY/Honor 8A by Samsung Galaxy J3/replay_0539.jpeg,,,replay_0539.jpeg
REPLAY/Honor 8A by Samsung Galaxy J3/replay_0540.jpeg,,,replay_0540.jpeg
REPLAY/Honor 8A by Samsung Galaxy J3/replay_0541.jpeg,,,replay_0541.jpeg
REPLAY/Honor 8A by Samsung Galaxy J3/replay_0542.jpeg,,,replay_0542.jpeg
REPLAY/Honor 8A by Samsung Galaxy J3/replay_0543.jpeg,,,replay_0543.jpeg
REPLAY/Honor 8A by Samsung Galaxy J3/replay_0544.jpeg,,,replay_0544.jpeg
REPLAY/Honor 8A by Samsung Galaxy J3/replay_0545.jpeg,,,replay_0545.jpeg
REPLAY/Honor 8A by Samsung Galaxy J3/replay_0546.jpeg,,,replay_0546.jpeg
REPLAY/Honor 8A by Samsung Galaxy J3/replay_0547.jpeg,,,replay_0547.jpeg
REPLAY/Honor 8A by Samsung Galaxy J3/replay_0548.jpeg,,,replay_0548.jpeg
REPLAY/Honor 8A by Samsung Galaxy J3/replay_0549.jpeg,,,replay_0549.jpeg
REPLAY/Honor 8A by Samsung Galaxy J3/replay_0550.jpeg,,,replay_0550.jpeg
REPLAY/Honor 8A by Samsung Galaxy J3/replay_0551.jpeg,,,replay_0551.jpeg
REPLAY/Honor 8A by Samsung Galaxy J3/replay_0552.jpeg,,,replay_0552.jpeg
REPLAY/Honor 8A by Samsung Galaxy J3/replay_0553.jpeg,,,replay_0553.jpeg
REPLAY/Honor 8A by Samsung Galaxy J3/replay_0554.jpeg,,,replay_0554.jpeg
REPLAY/Honor 8A by Samsung Galaxy J3/replay_0555.jpeg,,,replay_0555.jpeg
REPLAY/Honor 8A by Samsung Galaxy J3/replay_0556.jpeg,,,replay_0556.jpeg
REPLAY/Honor 8A by Samsung Galaxy J3/replay_0557.jpeg,,,replay_0557.jpeg
REPLAY/Honor 8A by Samsung Galaxy J3/replay_0558.jpeg,,,replay_0558.jpeg
REPLAY/Honor 8A by Samsung Galaxy J3/replay_0559.jpeg,,,replay_0559.jpeg
REPLAY/Honor 8A by Samsung Galaxy J3/replay_0560.jpeg,,,replay_0560.jpeg
REPLAY/Honor 8A by Samsung Galaxy J3/replay_0561.jpeg,,,replay_0561.jpeg
REPLAY/Honor 8A by Samsung Galaxy J3/replay_0562.jpeg,,,replay_0562.jpeg
REPLAY/Honor 8A by Samsung Galaxy J3/replay_0563.jpeg,,,replay_0563.jpeg
REPLAY/Honor 8A by Samsung Galaxy J3/replay_0564.jpeg,,,replay_0564.jpeg
REPLAY/Honor 8A by Samsung Galaxy J3/replay_0565.jpeg,,,replay_0565.jpeg
REPLAY/Honor 8A by Samsung Galaxy J3/replay_0566.jpeg,,,replay_0566.jpeg
REPLAY/Honor 8A by Samsung Galaxy J3/replay_0567.jpeg,,,replay_0567.jpeg
REPLAY/Honor 8A by Samsung Galaxy J3/replay_0568.jpeg,,,replay_0568.jpeg
REPLAY/Honor 8A by Samsung Galaxy J3/replay_0569.jpeg,,,replay_0569.jpeg
REPLAY/Honor 8A by Samsung Galaxy J3/replay_0570.jpeg,,,replay_0570.jpeg
REPLAY/Honor 8A by Samsung Galaxy J3/replay_0571.jpeg,,,replay_0571.jpeg
REPLAY/Honor 8A by Samsung Galaxy J3/replay_0572.jpeg,,,replay_0572.jpeg
REPLAY/Honor 8A by Samsung Galaxy J3/replay_0573.jpeg,,,replay_0573.jpeg
REPLAY/Honor 8A by Samsung Galaxy J3/replay_0574.jpeg,,,replay_0574.jpeg
REPLAY/Honor 8A by Samsung Galaxy J3/replay_0575.jpeg,,,replay_0575.jpeg
REPLAY/Honor 8A by Samsung Galaxy J3/replay_0576.jpeg,,,replay_0576.jpeg
REPLAY/Honor 8A by Samsung Galaxy J3/replay_0577.jpeg,,,replay_0577.jpeg
REPLAY/Honor 8A by Samsung Galaxy J3/replay_0578.jpeg,,,replay_0578.jpeg
REPLAY/Honor 8A by Samsung Galaxy J3/replay_0579.jpeg,,,replay_0579.jpeg
REPLAY/Honor 8A by Samsung Galaxy J3/replay_0580.jpeg,,,replay_0580.jpeg
REPLAY/Honor 8A by Samsung Galaxy J3/replay_0581.jpeg,,,replay_0581.jpeg
REPLAY/Honor 8A by Samsung Galaxy J3/replay_0582.jpeg,,,replay_0582.jpeg
REPLAY/Honor 8A by Samsung Galaxy J3/replay_0583.jpeg,,,replay_0583.jpeg
REPLAY/Honor 8A by Samsung Galaxy J3/replay_0584.jpeg,,,replay_0584.jpeg
REPLAY/Honor 8A by Samsung Galaxy J3/replay_0585.jpeg,,,replay_0585.jpeg
REPLAY/Honor 8A by Samsung Galaxy J3/replay_0586.jpeg,,,replay_0586.jpeg
REPLAY/Honor 8A by Samsung Galaxy J3/replay_0587.jpeg,,,replay_0587.jpeg
REPLAY/Honor 8A by Samsung Galaxy J3/replay_0588.jpeg,,,replay_0588.jpeg
REPLAY/Honor 8A by Samsung Galaxy J3/replay_0589.jpeg,,,replay_0589.jpeg
REPLAY/Honor 8A by Samsung Galaxy J3/replay_0590.jpeg,,,replay_0590.jpeg
REPLAY/Honor 8A by Samsung Galaxy J3/replay_0591.jpeg,,,replay_0591.jpeg
REPLAY/Honor 8A by Samsung Galaxy J3/replay_0592.jpeg,,,replay_0592.jpeg
REPLAY/Honor 8A by Samsung Galaxy J3/replay_0593.jpeg,,,replay_0593.jpeg
REPLAY/Honor 8A by Samsung Galaxy J3/replay_0594.jpeg,,,replay_0594.jpeg
REPLAY/Honor 8A by Samsung Galaxy J3/replay_0595.jpeg,,,replay_0595.jpeg
REPLAY/Honor 8A by Samsung Galaxy J3/replay_0596.jpeg,,,replay_0596.jpeg
REPLAY/Honor 8A by Samsung Galaxy J3/replay_0597.jpeg,,,replay_0597.jpeg
REPLAY/Honor 8A by Samsung Galaxy J3/replay_0598.jpeg,,,replay_0598.jpeg
REPLAY/Honor 8A by Samsung Galaxy J3/replay_0599.jpeg,,,replay_0599.jpeg
REPLAY/Honor 8A by Samsung Galaxy J3/replay_0600.jpeg,,,replay_0600.jpeg
REPLAY/Honor 8A by Samsung Galaxy J3/replay_0601.jpeg,,,replay_0601.jpeg
REPLAY/Honor 8A by Samsung Galaxy J3/replay_0602.jpeg,,,replay_0602.jpeg
REPLAY/Honor 8A by Samsung Galaxy J3/replay_0603.jpeg,,,replay_0603.jpeg
REPLAY/Honor 8A by Samsung Galaxy J3/replay_0604.jpeg,,,replay_0604.jpeg
REPLAY/Honor 8A by Samsung Galaxy J3/replay_0605.jpeg,,,replay_0605.jpeg
REPLAY/Honor 8A by Samsung Galaxy J3/replay_0606.jpeg,,,replay_0606.jpeg
REPLAY/Honor 8A by Samsung Galaxy J3/replay_0607.jpeg,,,replay_0607.jpeg
REPLAY/Honor 8A by Samsung Galaxy J3/replay_0608.jpeg,,,replay_0608.jpeg
REPLAY/Honor 8A by Samsung Galaxy J3/replay_0609.jpeg,,,replay_0609.jpeg
REPLAY/Honor 8A by Samsung Galaxy J3/replay_0610.jpeg,,,replay_0610.jpeg
REPLAY/Honor 8A by Samsung Galaxy J3/replay_0611.jpeg,,,replay_0611.jpeg
REPLAY/Honor 8A by Samsung Galaxy J3/replay_0612.jpeg,,,replay_0612.jpeg
REPLAY/Honor 8A by Samsung Galaxy J3/replay_0613.jpeg,,,replay_0613.jpeg
REPLAY/Honor 8A by Samsung Galaxy J3/replay_0614.jpeg,,,replay_0614.jpeg
REPLAY/Honor 8A by Samsung Galaxy J3/replay_0615.jpeg,,,replay_0615.jpeg
REPLAY/Honor 8A by Samsung Galaxy J3/replay_0616.jpeg,,,replay_0616.jpeg
REPLAY/Honor 8A by Samsung Galaxy J3/replay_0617.jpeg,,,replay_0617.jpeg
REPLAY/Honor 8A by Samsung Galaxy J3/replay_0618.jpeg,,,replay_0618.jpeg
REPLAY/Honor 8A by Samsung Galaxy J3/replay_0619.jpeg,,,replay_0619.jpeg
REPLAY/Honor 8A by Samsung Galaxy J3/replay_0620.jpeg,,,replay_0620.jpeg
REPLAY/Honor 8A by Samsung Galaxy J3/replay_0621.jpeg,,,replay_0621.jpeg
REPLAY/Honor 8A by Samsung Galaxy J3/replay_0622.jpeg,,,replay_0622.jpeg
REPLAY/Honor 8A by Samsung Galaxy J3/replay_0623.jpeg,,,replay_0623.jpeg
REPLAY/Honor 8A by Samsung Galaxy J3/replay_0624.jpeg,,,replay_0624.jpeg
REPLAY/Honor 8A by Samsung Galaxy J3/replay_0625.jpeg,,,replay_0625.jpeg
REPLAY/Honor 8A by Samsung Galaxy J3/replay_0626.jpeg,,,replay_0626.jpeg
REPLAY/Huawei P30 Lite by Honor 8A/replay_0627.jpeg,,,replay_0627.jpeg
REPLAY/Huawei P30 Lite by Honor 8A/replay_0628.jpeg,,,replay_0628.jpeg
REPLAY/Huawei P30 Lite by Honor 8A/replay_0629.jpeg,,,replay_0629.jpeg
REPLAY/Huawei P30 Lite by Honor 8A/replay_0630.jpeg,,,replay_0630.jpeg
REPLAY/Huawei P30 Lite by Honor 8A/replay_0631.jpeg,,,replay_0631.jpeg
REPLAY/Huawei P30 Lite by Honor 8A/replay_0632.jpeg,,,replay_0632.jpeg
REPLAY/Huawei P30 Lite by Honor 8A/replay_0633.jpeg,,,replay_0633.jpeg
REPLAY/Huawei P30 Lite by Honor 8A/replay_0634.jpeg,,,replay_0634.jpeg
REPLAY/Huawei P30 Lite by Honor 8A/replay_0635.jpeg,,,replay_0635.jpeg
REPLAY/Huawei P30 Lite by Honor 8A/replay_0636.jpeg,,,replay_0636.jpeg
REPLAY/Huawei P30 Lite by Honor 8A/replay_0637.jpeg,,,replay_0637.jpeg
REPLAY/Huawei P30 Lite by Honor 8A/replay_0638.jpeg,,,replay_0638.jpeg
REPLAY/Huawei P30 Lite by Honor 8A/replay_0639.jpeg,,,replay_0639.jpeg
REPLAY/Huawei P30 Lite by Honor 8A/replay_0640.jpeg,,,replay_0640.jpeg
REPLAY/Huawei P30 Lite by Honor 8A/replay_0641.jpeg,,,replay_0641.jpeg
REPLAY/Huawei P30 Lite by Honor 8A/replay_0642.jpeg,,,replay_0642.jpeg
REPLAY/Huawei P30 Lite by Honor 8A/replay_0643.jpeg,,,replay_0643.jpeg
REPLAY/Huawei P30 Lite by Honor 8A/replay_0644.jpeg,,,replay_0644.jpeg
REPLAY/Huawei P30 Lite by Honor 8A/replay_0645.jpeg,,,replay_0645.jpeg
REPLAY/Huawei P30 Lite by Honor 8A/replay_0646.jpeg,,,replay_0646.jpeg
REPLAY/Huawei P30 Lite by Honor 8A/replay_0647.jpeg,,,replay_0647.jpeg
REPLAY/Huawei P30 Lite by Honor 8A/replay_0648.jpeg,,,replay_0648.jpeg
REPLAY/Huawei P30 Lite by Honor 8A/replay_0649.jpeg,,,replay_0649.jpeg
REPLAY/Huawei P30 Lite by Honor 8A/replay_0650.jpeg,,,replay_0650.jpeg
REPLAY/Huawei P30 Lite by Honor 8A/replay_0651.jpeg,,,replay_0651.jpeg
REPLAY/Huawei P30 Lite by Honor 8A/replay_0652.jpeg,,,replay_0652.jpeg
REPLAY/Huawei P30 Lite by Honor 8A/replay_0653.jpeg,,,replay_0653.jpeg
REPLAY/Huawei P30 Lite by Honor 8A/replay_0654.jpeg,,,replay_0654.jpeg
REPLAY/Huawei P30 Lite by Honor 8A/replay_0655.jpeg,,,replay_0655.jpeg
REPLAY/Huawei P30 Lite by Honor 8A/replay_0656.jpeg,,,replay_0656.jpeg
REPLAY/Huawei P30 Lite by Honor 8A/replay_0657.jpeg,,,replay_0657.jpeg
REPLAY/Huawei P30 Lite by Honor 8A/replay_0658.jpeg,,,replay_0658.jpeg
REPLAY/Huawei P30 Lite by Honor 8A/replay_0659.jpeg,,,replay_0659.jpeg
REPLAY/Huawei P30 Lite by Honor 8A/replay_0660.jpeg,,,replay_0660.jpeg
REPLAY/Huawei P30 Lite by Honor 8A/replay_0661.jpeg,,,replay_0661.jpeg
REPLAY/Huawei P30 Lite by Honor 8A/replay_0662.jpeg,,,replay_0662.jpeg
REPLAY/Huawei P30 Lite by Honor 8A/replay_0663.jpeg,,,replay_0663.jpeg
REPLAY/Huawei P30 Lite by Honor 8A/replay_0664.jpeg,,,replay_0664.jpeg
REPLAY/Huawei P30 Lite by Honor 8A/replay_0665.jpeg,,,replay_0665.jpeg
REPLAY/Huawei P30 Lite by Honor 8A/replay_0666.jpeg,,,replay_0666.jpeg
REPLAY/Huawei P30 Lite by Honor 8A/replay_0667.jpeg,,,replay_0667.jpeg
REPLAY/Huawei P30 Lite by Honor 8A/replay_0668.jpeg,,,replay_0668.jpeg
REPLAY/Huawei P30 Lite by Honor 8A/replay_0669.jpeg,,,replay_0669.jpeg
REPLAY/Huawei P30 Lite by Honor 8A/replay_0670.jpeg,,,replay_0670.jpeg
REPLAY/Huawei P30 Lite by Honor 8A/replay_0671.jpeg,,,replay_0671.jpeg
REPLAY/Huawei P30 Lite by Honor 8A/replay_0672.jpeg,,,replay_0672.jpeg
REPLAY/Huawei P30 Lite by Honor 8A/replay_0673.jpeg,,,replay_0673.jpeg
REPLAY/Huawei P30 Lite by Honor 8A/replay_0674.jpeg,,,replay_0674.jpeg
REPLAY/Huawei P30 Lite by Honor 8A/replay_0675.jpeg,,,replay_0675.jpeg
REPLAY/Huawei P30 Lite by Honor 8A/replay_0676.jpeg,,,replay_0676.jpeg
REPLAY/Huawei P30 Lite by Honor 8A/replay_0677.jpeg,,,replay_0677.jpeg
REPLAY/Huawei P30 Lite by Honor 8A/replay_0678.jpeg,,,replay_0678.jpeg
REPLAY/Huawei P30 Lite by Honor 8A/replay_0679.jpeg,,,replay_0679.jpeg
REPLAY/Huawei P30 Lite by Honor 8A/replay_0680.jpeg,,,replay_0680.jpeg
REPLAY/Huawei P30 Lite by Honor 8A/replay_0681.jpeg,,,replay_0681.jpeg
REPLAY/Huawei P30 Lite by Honor 8A/replay_0682.jpeg,,,replay_0682.jpeg
REPLAY/Huawei P30 Lite by Honor 8A/replay_0683.jpeg,,,replay_0683.jpeg
REPLAY/Huawei P30 Lite by Honor 8A/replay_0684.jpeg,,,replay_0684.jpeg
REPLAY/Huawei P30 Lite by Honor 8A/replay_0685.jpeg,,,replay_0685.jpeg
REPLAY/Huawei P30 Lite by Honor 8A/replay_0686.jpeg,,,replay_0686.jpeg
REPLAY/Huawei P30 Lite by Honor 8A/replay_0687.jpeg,,,replay_0687.jpeg
REPLAY/Huawei P30 Lite by Honor 8A/replay_0688.jpeg,,,replay_0688.jpeg
REPLAY/Huawei P30 Lite by Honor 8A/replay_0689.jpeg,,,replay_0689.jpeg
REPLAY/Huawei P30 Lite by Honor 8A/replay_0690.jpeg,,,replay_0690.jpeg
REPLAY/Huawei P30 Lite by Honor 8A/replay_0691.jpeg,,,replay_0691.jpeg
REPLAY/Huawei P30 Lite by Honor 8A/replay_0692.jpeg,,,replay_0692.jpeg
REPLAY/Huawei P30 Lite by Honor 8A/replay_0693.jpeg,,,replay_0693.jpeg
REPLAY/Huawei P30 Lite by Honor 8A/replay_0694.jpeg,,,replay_0694.jpeg
REPLAY/Huawei P30 Lite by Honor 8A/replay_0695.jpeg,,,replay_0695.jpeg
REPLAY/Huawei P30 Lite by Honor 8A/replay_0696.jpeg,,,replay_0696.jpeg
REPLAY/Huawei P30 Lite by Honor 8A/replay_0697.jpeg,,,replay_0697.jpeg
REPLAY/Huawei P30 Lite by Honor 8A/replay_0698.jpeg,,,replay_0698.jpeg
REPLAY/Huawei P30 Lite by Honor 8A/replay_0699.jpeg,,,replay_0699.jpeg
REPLAY/Huawei P30 Lite by Honor 8A/replay_0700.jpeg,,,replay_0700.jpeg
REPLAY/Huawei P30 Lite by Honor 8A/replay_0701.jpeg,,,replay_0701.jpeg
REPLAY/Huawei P30 Lite by Honor 8A/replay_0702.jpeg,,,replay_0702.jpeg
REPLAY/Huawei P30 Lite by Honor 8A/replay_0703.jpeg,,,replay_0703.jpeg
REPLAY/Huawei P30 Lite by Honor 8A/replay_0704.jpeg,,,replay_0704.jpeg
REPLAY/Huawei P30 Lite by Honor 8A/replay_0705.jpeg,,,replay_0705.jpeg
REPLAY/Huawei P30 Lite by Honor 8A/replay_0706.jpeg,,,replay_0706.jpeg
REPLAY/Huawei P30 Lite by Honor 8A/replay_0707.jpeg,,,replay_0707.jpeg
REPLAY/Huawei P30 Lite by Honor 8A/replay_0708.jpeg,,,replay_0708.jpeg
REPLAY/Huawei P30 Lite by Honor 8A/replay_0709.jpeg,,,replay_0709.jpeg
REPLAY/Huawei P30 Lite by Honor 8A/replay_0710.jpeg,,,replay_0710.jpeg
REPLAY/Huawei P30 Lite by Honor 8A/replay_0711.jpeg,,,replay_0711.jpeg
REPLAY/Huawei P30 Lite by Honor 8A/replay_0712.jpeg,,,replay_0712.jpeg
REPLAY/Huawei P30 Lite by Honor 8A/replay_0713.jpeg,,,replay_0713.jpeg
REPLAY/Huawei P30 Lite by Honor 8A/replay_0714.jpeg,,,replay_0714.jpeg
REPLAY/Huawei P30 Lite by Honor 8A/replay_0715.jpeg,,,replay_0715.jpeg
REPLAY/Huawei P30 Lite by Honor 8A/replay_0716.jpeg,,,replay_0716.jpeg
REPLAY/Lenovo ThinkBook 15 G2 by Honor 8A/replay_0717.jpeg,,,replay_0717.jpeg
REPLAY/Lenovo ThinkBook 15 G2 by Honor 8A/replay_0718.jpeg,,,replay_0718.jpeg
REPLAY/Lenovo ThinkBook 15 G2 by Honor 8A/replay_0719.jpeg,,,replay_0719.jpeg
REPLAY/Lenovo ThinkBook 15 G2 by Honor 8A/replay_0720.jpeg,,,replay_0720.jpeg
REPLAY/Lenovo ThinkBook 15 G2 by Honor 8A/replay_0721.jpeg,,,replay_0721.jpeg
REPLAY/Lenovo ThinkBook 15 G2 by Honor 8A/replay_0722.jpeg,,,replay_0722.jpeg
REPLAY/Lenovo ThinkBook 15 G2 by Honor 8A/replay_0723.jpeg,,,replay_0723.jpeg
REPLAY/Lenovo ThinkBook 15 G2 by Honor 8A/replay_0724.jpeg,,,replay_0724.jpeg
REPLAY/Lenovo ThinkBook 15 G2 by Honor 8A/replay_0725.jpeg,,,replay_0725.jpeg
REPLAY/Lenovo ThinkBook 15 G2 by Honor 8A/replay_0726.jpeg,,,replay_0726.jpeg
REPLAY/Lenovo ThinkBook 15 G2 by Honor 8A/replay_0727.jpeg,,,replay_0727.jpeg
REPLAY/Lenovo ThinkBook 15 G2 by Honor 8A/replay_0728.jpeg,,,replay_0728.jpeg
REPLAY/Lenovo ThinkBook 15 G2 by Honor 8A/replay_0729.jpeg,,,replay_0729.jpeg
REPLAY/Lenovo ThinkBook 15 G2 by Honor 8A/replay_0730.jpeg,,,replay_0730.jpeg
REPLAY/Lenovo ThinkBook 15 G2 by Honor 8A/replay_0731.jpeg,,,replay_0731.jpeg
REPLAY/Lenovo ThinkBook 15 G2 by Honor 8A/replay_0732.jpeg,,,replay_0732.jpeg
REPLAY/Lenovo ThinkBook 15 G2 by Honor 8A/replay_0733.jpeg,,,replay_0733.jpeg
REPLAY/Lenovo ThinkBook 15 G2 by Honor 8A/replay_0734.jpeg,,,replay_0734.jpeg
REPLAY/Lenovo ThinkBook 15 G2 by Honor 8A/replay_0735.jpeg,,,replay_0735.jpeg
REPLAY/Lenovo ThinkBook 15 G2 by Honor 8A/replay_0736.jpeg,,,replay_0736.jpeg
REPLAY/Lenovo ThinkBook 15 G2 by Honor 8A/replay_0737.jpeg,,,replay_0737.jpeg
REPLAY/Lenovo ThinkBook 15 G2 by Honor 8A/replay_0738.jpeg,,,replay_0738.jpeg
REPLAY/Lenovo ThinkBook 15 G2 by Honor 8A/replay_0739.jpeg,,,replay_0739.jpeg
REPLAY/Lenovo ThinkBook 15 G2 by Honor 8A/replay_0740.jpeg,,,replay_0740.jpeg
REPLAY/Lenovo ThinkBook 15 G2 by Honor 8A/replay_0741.jpeg,,,replay_0741.jpeg
REPLAY/Lenovo ThinkBook 15 G2 by Honor 8A/replay_0742.jpeg,,,replay_0742.jpeg
REPLAY/Lenovo ThinkBook 15 G2 by Honor 8A/replay_0743.jpeg,,,replay_0743.jpeg
REPLAY/Lenovo ThinkBook 15 G2 by Honor 8A/replay_0744.jpeg,,,replay_0744.jpeg
REPLAY/Lenovo ThinkBook 15 G2 by Honor 8A/replay_0745.jpeg,,,replay_0745.jpeg
REPLAY/Lenovo ThinkBook 15 G2 by Honor 8A/replay_0746.jpeg,,,replay_0746.jpeg
REPLAY/Lenovo ThinkBook 15 G2 by Honor 8A/replay_0747.jpeg,,,replay_0747.jpeg
REPLAY/Lenovo ThinkBook 15 G2 by Honor 8A/replay_0748.jpeg,,,replay_0748.jpeg
REPLAY/Lenovo ThinkBook 15 G2 by Honor 8A/replay_0749.jpeg,,,replay_0749.jpeg
REPLAY/Lenovo ThinkBook 15 G2 by Honor 8A/replay_0750.jpeg,,,replay_0750.jpeg
REPLAY/Lenovo ThinkBook 15 G2 by Honor 8A/replay_0751.jpeg,,,replay_0751.jpeg
REPLAY/Lenovo ThinkBook 15 G2 by Honor 8A/replay_0752.jpeg,,,replay_0752.jpeg
REPLAY/Lenovo ThinkBook 15 G2 by Honor 8A/replay_0753.jpeg,,,replay_0753.jpeg
REPLAY/Lenovo ThinkBook 15 G2 by Honor 8A/replay_0754.jpeg,,,replay_0754.jpeg
REPLAY/Lenovo ThinkBook 15 G2 by Honor 8A/replay_0755.jpeg,,,replay_0755.jpeg
REPLAY/Lenovo ThinkBook 15 G2 by Honor 8A/replay_0756.jpeg,,,replay_0756.jpeg
REPLAY/Lenovo ThinkBook 15 G2 by Honor 8A/replay_0757.jpeg,,,replay_0757.jpeg
REPLAY/Lenovo ThinkBook 15 G2 by Honor 8A/replay_0758.jpeg,,,replay_0758.jpeg
REPLAY/Lenovo ThinkBook 15 G2 by Honor 8A/replay_0759.jpeg,,,replay_0759.jpeg
REPLAY/Lenovo ThinkBook 15 G2 by Honor 8A/replay_0760.jpeg,,,replay_0760.jpeg
REPLAY/Lenovo ThinkBook 15 G2 by Honor 8A/replay_0761.jpeg,,,replay_0761.jpeg
REPLAY/Lenovo ThinkBook 15 G2 by Honor 8A/replay_0762.jpeg,,,replay_0762.jpeg
REPLAY/Lenovo ThinkBook 15 G2 by Honor 8A/replay_0763.jpeg,,,replay_0763.jpeg
REPLAY/Lenovo ThinkBook 15 G2 by Honor 8A/replay_0764.jpeg,,,replay_0764.jpeg
REPLAY/Lenovo ThinkBook 15 G2 by Honor 8A/replay_0765.jpeg,,,replay_0765.jpeg
REPLAY/Lenovo ThinkBook 15 G2 by Honor 8A/replay_0766.jpeg,,,replay_0766.jpeg
REPLAY/Lenovo ThinkBook 15 G2 by Honor 8A/replay_0767.jpeg,,,replay_0767.jpeg
REPLAY/Lenovo ThinkBook 15 G2 by Honor 8A/replay_0768.jpeg,,,replay_0768.jpeg
REPLAY/Lenovo ThinkBook 15 G2 by Honor 8A/replay_0769.jpeg,,,replay_0769.jpeg
REPLAY/Lenovo ThinkBook 15 G2 by Honor 8A/replay_0770.jpeg,,,replay_0770.jpeg
REPLAY/Lenovo ThinkBook 15 G2 by Honor 8A/replay_0771.jpeg,,,replay_0771.jpeg
REPLAY/Lenovo ThinkBook 15 G2 by Honor 8A/replay_0772.jpeg,,,replay_0772.jpeg
REPLAY/Lenovo ThinkBook 15 G2 by Honor 8A/replay_0773.jpeg,,,replay_0773.jpeg
REPLAY/Lenovo ThinkBook 15 G2 by Honor 8A/replay_0774.jpeg,,,replay_0774.jpeg
REPLAY/Lenovo ThinkBook 15 G2 by Honor 8A/replay_0775.jpeg,,,replay_0775.jpeg
REPLAY/Lenovo ThinkBook 15 G2 by Honor 8A/replay_0776.jpeg,,,replay_0776.jpeg
REPLAY/Lenovo ThinkBook 15 G2 by Honor 8A/replay_0777.jpeg,,,replay_0777.jpeg
REPLAY/Lenovo ThinkBook 15 G2 by Honor 8A/replay_0778.jpeg,,,replay_0778.jpeg
REPLAY/Lenovo ThinkBook 15 G2 by Honor 8A/replay_0779.jpeg,,,replay_0779.jpeg
REPLAY/Lenovo ThinkBook 15 G2 by Honor 8A/replay_0780.jpeg,,,replay_0780.jpeg
REPLAY/Lenovo ThinkBook 15 G2 by Honor 8A/replay_0781.jpeg,,,replay_0781.jpeg
REPLAY/Lenovo ThinkBook 15 G2 by Honor 8A/replay_0782.jpeg,,,replay_0782.jpeg
REPLAY/Lenovo ThinkBook 15 G2 by Honor 8A/replay_0783.jpeg,,,replay_0783.jpeg
REPLAY/Lenovo ThinkBook 15 G2 by Honor 8A/replay_0784.jpeg,,,replay_0784.jpeg
REPLAY/Lenovo ThinkBook 15 G2 by Honor 8A/replay_0785.jpeg,,,replay_0785.jpeg
REPLAY/Lenovo ThinkBook 15 G2 by Honor 8A/replay_0786.jpeg,,,replay_0786.jpeg
REPLAY/Lenovo ThinkBook 15 G2 by Honor 8A/replay_0787.jpeg,,,replay_0787.jpeg
REPLAY/Lenovo ThinkBook 15 G2 by Honor 8A/replay_0788.jpeg,,,replay_0788.jpeg
REPLAY/Lenovo ThinkBook 15 G2 by Honor 8A/replay_0789.jpeg,,,replay_0789.jpeg
REPLAY/Lenovo ThinkBook 15 G2 by Honor 8A/replay_0790.jpeg,,,replay_0790.jpeg
REPLAY/Lenovo ThinkBook 15 G2 by Honor 8A/replay_0791.jpeg,,,replay_0791.jpeg
REPLAY/Lenovo ThinkBook 15 G2 by Honor 8A/replay_0792.jpeg,,,replay_0792.jpeg
REPLAY/Lenovo ThinkBook 15 G2 by Honor 8A/replay_0793.jpeg,,,replay_0793.jpeg
REPLAY/Lenovo ThinkBook 15 G2 by Honor 8A/replay_0794.jpeg,,,replay_0794.jpeg
REPLAY/Lenovo ThinkBook 15 G2 by Honor 8A/replay_0795.jpeg,,,replay_0795.jpeg
REPLAY/Lenovo ThinkBook 15 G2 by Honor 8A/replay_0796.jpeg,,,replay_0796.jpeg
REPLAY/Lenovo ThinkBook 15 G2 by Honor 8A/replay_0797.jpeg,,,replay_0797.jpeg
REPLAY/Lenovo ThinkBook 15 G2 by Honor 8A/replay_0798.jpeg,,,replay_0798.jpeg
REPLAY/Lenovo ThinkBook 15 G2 by Honor 8A/replay_0799.jpeg,,,replay_0799.jpeg
REPLAY/Lenovo ThinkBook 15 G2 by Honor 8A/replay_0800.jpeg,,,replay_0800.jpeg
REPLAY/Lenovo ThinkBook 15 G2 by Honor 8A/replay_0801.jpeg,,,replay_0801.jpeg
REPLAY/Lenovo ThinkBook 15 G2 by Honor 8A/replay_0802.jpeg,,,replay_0802.jpeg
REPLAY/Lenovo ThinkBook 15 G2 by Honor 8A/replay_0803.jpeg,,,replay_0803.jpeg
REPLAY/Lenovo ThinkBook 15 G2 by Honor 8A/replay_0804.jpeg,,,replay_0804.jpeg
REPLAY/Lenovo ThinkBook 15 G2 by Honor 8A/replay_0805.jpeg,,,replay_0805.jpeg
REPLAY/Lenovo ThinkBook 15 G2 by Honor 8A/replay_0806.jpeg,,,replay_0806.jpeg
REPLAY/Lenovo ThinkBook 15 G2 by Honor 8A/replay_0807.jpeg,,,replay_0807.jpeg
REPLAY/Lenovo ThinkBook 15 G2 by Honor 8A/replay_0808.jpeg,,,replay_0808.jpeg
REPLAY/Lenovo ThinkBook 15 G2 by Honor 8A/replay_0809.jpeg,,,replay_0809.jpeg
REPLAY/Lenovo ThinkBook 15 G2 by Honor 8A/replay_0810.jpeg,,,replay_0810.jpeg
REPLAY/Lenovo ThinkBook 15 G2 by Honor 8A/replay_0811.jpeg,,,replay_0811.jpeg
REPLAY/Lenovo ThinkBook 15 G2 by Honor 8A/replay_0812.jpeg,,,replay_0812.jpeg
REPLAY/Lenovo ThinkBook 15 G2 by Honor 8A/replay_0813.jpeg,,,replay_0813.jpeg
REPLAY/Lenovo ThinkBook 15 G2 by Honor 8A/replay_0814.jpeg,,,replay_0814.jpeg
REPLAY/Lenovo ThinkBook 15 G2 by Honor 8A/replay_0815.jpeg,,,replay_0815.jpeg
REPLAY/Lenovo ThinkBook 15 G2 by Honor 8A/replay_0816.jpeg,,,replay_0816.jpeg
REPLAY/Lenovo ThinkBook 15 G2 by Honor 8A/replay_0817.jpeg,,,replay_0817.jpeg
REPLAY/Lenovo ThinkBook 15 G2 by Honor 8A/replay_0818.jpeg,,,replay_0818.jpeg
REPLAY/Lenovo ThinkBook 15 G2 by Honor 8A/replay_0819.jpeg,,,replay_0819.jpeg
REPLAY/Lenovo ThinkBook 15 G2 by Honor 8A/replay_0820.jpeg,,,replay_0820.jpeg
REPLAY/Lenovo ThinkBook 15 G2 by Honor 8A/replay_0821.jpeg,,,replay_0821.jpeg
REPLAY/Lenovo ThinkBook 15 G2 by Honor 8A/replay_0822.jpeg,,,replay_0822.jpeg
REPLAY/Lenovo ThinkBook 15 G2 by Honor 8A/replay_0823.jpeg,,,replay_0823.jpeg
REPLAY/Lenovo ThinkBook 15 G2 by Honor 8A/replay_0824.jpeg,,,replay_0824.jpeg
REPLAY/Lenovo ThinkBook 15 G2 by Honor 8A/replay_0825.jpeg,,,replay_0825.jpeg
REPLAY/Lenovo ThinkBook 15 G2 by Honor 8A/replay_0826.jpeg,,,replay_0826.jpeg
REPLAY/Lenovo ThinkBook 15 G2 by Honor 8A/replay_0827.jpeg,,,replay_0827.jpeg
REPLAY/Lenovo ThinkBook 15 G2 by Honor 8A/replay_0828.jpeg,,,replay_0828.jpeg
REPLAY/Lenovo ThinkBook 15 G2 by Honor 8A/replay_0829.jpeg,,,replay_0829.jpeg
REPLAY/Lenovo ThinkBook 15 G2 by Honor 8A/replay_0830.jpeg,,,replay_0830.jpeg
REPLAY/Lenovo ThinkBook 15 G2 by Honor 8A/replay_0831.jpeg,,,replay_0831.jpeg
REPLAY/Lenovo ThinkBook 15 G2 by Honor 8A/replay_0832.jpeg,,,replay_0832.jpeg
REPLAY/Lenovo ThinkBook 15 G2 by Honor 8A/replay_0833.jpeg,,,replay_0833.jpeg
REPLAY/Lenovo ThinkBook 15 G2 by Honor 8A/replay_0834.jpeg,,,replay_0834.jpeg
REPLAY/Lenovo ThinkBook 15 G2 by Honor 8A/replay_0835.jpeg,,,replay_0835.jpeg
REPLAY/Lenovo ThinkBook 15 G2 by Honor 8A/replay_0836.jpeg,,,replay_0836.jpeg
REPLAY/Lenovo ThinkBook 15 G2 by Honor 8A/replay_0837.jpeg,,,replay_0837.jpeg
REPLAY/Lenovo ThinkBook 15 G2 by Honor 8A/replay_0838.jpeg,,,replay_0838.jpeg
REPLAY/Lenovo ThinkBook 15 G2 by Honor 8A/replay_0839.jpeg,,,replay_0839.jpeg
REPLAY/Lenovo ThinkBook 15 G2 by Honor 8A/replay_0840.jpeg,,,replay_0840.jpeg
REPLAY/Lenovo ThinkBook 15 G2 by Honor 8A/replay_0841.jpeg,,,replay_0841.jpeg
REPLAY/Lenovo ThinkBook 15 G2 by Honor 8A/replay_0842.jpeg,,,replay_0842.jpeg
REPLAY/Lenovo ThinkBook 15 G2 by Honor 8A/replay_0843.jpeg,,,replay_0843.jpeg
REPLAY/Lenovo ThinkBook 15 G2 by Honor 8A/replay_0844.jpeg,,,replay_0844.jpeg
REPLAY/Lenovo ThinkBook 15 G2 by Honor 8A/replay_0845.jpeg,,,replay_0845.jpeg
REPLAY/Lenovo ThinkBook 15 G2 by Honor 8A/replay_0846.jpeg,,,replay_0846.jpeg
REPLAY/Lenovo ThinkBook 15 G2 by Honor 8A/replay_0847.jpeg,,,replay_0847.jpeg
REPLAY/Lenovo ThinkBook 15 G2 by Honor 8A/replay_0848.jpeg,,,replay_0848.jpeg
REPLAY/Lenovo ThinkBook 15 G2 by Honor 8A/replay_0849.jpeg,,,replay_0849.jpeg
REPLAY/Lenovo ThinkBook 15 G2 by Honor 8A/replay_0850.jpeg,,,replay_0850.jpeg
REPLAY/Lenovo ThinkBook 15 G2 by Honor 8A/replay_0851.jpeg,,,replay_0851.jpeg
REPLAY/Lenovo ThinkBook 15 G2 by Honor 8A/replay_0852.jpeg,,,replay_0852.jpeg
REPLAY/Lenovo ThinkBook 15 G2 by Honor 8A/replay_0853.jpeg,,,replay_0853.jpeg
REPLAY/Lenovo ThinkBook 15 G2 by Honor 8A/replay_0854.jpeg,,,replay_0854.jpeg
REPLAY/Lenovo ThinkBook 15 G2 by Honor 8A/replay_0855.jpeg,,,replay_0855.jpeg
REPLAY/Lenovo ThinkBook 15 G2 by Honor 8A/replay_0856.jpeg,,,replay_0856.jpeg
REPLAY/Lenovo ThinkBook 15 G2 by Honor 8A/replay_0857.jpeg,,,replay_0857.jpeg
REPLAY/Lenovo ThinkBook 15 G2 by Honor 8A/replay_0858.jpeg,,,replay_0858.jpeg
REPLAY/Lenovo ThinkBook 15 G2 by Honor 8A/replay_0859.jpeg,,,replay_0859.jpeg
REPLAY/Lenovo ThinkBook 15 G2 by Honor 8A/replay_0860.jpeg,,,replay_0860.jpeg
REPLAY/Lenovo ThinkBook 15 G2 by Honor 8A/replay_0861.jpeg,,,replay_0861.jpeg
REPLAY/Lenovo ThinkBook 15 G2 by Honor 8A/replay_0862.jpeg,,,replay_0862.jpeg
REPLAY/Lenovo ThinkBook 15 G2 by Honor 8A/replay_0863.jpeg,,,replay_0863.jpeg
REPLAY/Lenovo ThinkBook 15 G2 by Honor 8A/replay_0864.jpeg,,,replay_0864.jpeg
REPLAY/Lenovo ThinkBook 15 G2 by Honor 8A/replay_0865.jpeg,,,replay_0865.jpeg
REPLAY/Lenovo ThinkBook 15 G2 by Honor 8A/replay_0866.jpeg,,,replay_0866.jpeg
REPLAY/Lenovo ThinkBook 15 G2 by Honor 8A/replay_0867.jpeg,,,replay_0867.jpeg
REPLAY/Lenovo ThinkBook 15 G2 by Honor 8A/replay_0868.jpeg,,,replay_0868.jpeg
REPLAY/Lenovo ThinkBook 15 G2 by Honor 8A/replay_0869.jpeg,,,replay_0869.jpeg
REPLAY/Lenovo ThinkBook 15 G2 by Honor 8A/replay_0870.jpeg,,,replay_0870.jpeg
REPLAY/Lenovo ThinkBook 15 G2 by Honor 8A/replay_0871.jpeg,,,replay_0871.jpeg
REPLAY/Lenovo ThinkBook 15 G2 by Honor 8A/replay_0872.jpeg,,,replay_0872.jpeg
REPLAY/Lenovo ThinkBook 15 G2 by Honor 8A/replay_0873.jpeg,,,replay_0873.jpeg
REPLAY/Lenovo ThinkBook 15 G2 by Honor 8A/replay_0874.jpeg,,,replay_0874.jpeg
REPLAY/Lenovo ThinkBook 15 G2 by Honor 8A/replay_0875.jpeg,,,replay_0875.jpeg
REPLAY/Lenovo ThinkBook 15 G2 by Honor 8A/replay_0876.jpeg,,,replay_0876.jpeg
REPLAY/Lenovo ThinkBook 15 G2 by Honor 8A/replay_0877.jpeg,,,replay_0877.jpeg
REPLAY/Lenovo ThinkBook 15 G2 by Honor 8A/replay_0878.jpeg,,,replay_0878.jpeg
REPLAY/Lenovo ThinkBook 15 G2 by Honor 8A/replay_0879.jpeg,,,replay_0879.jpeg
REPLAY/Lenovo ThinkBook 15 G2 by Honor 8A/replay_0880.jpeg,,,replay_0880.jpeg
REPLAY/Lenovo ThinkBook 15 G2 by Honor 8A/replay_0881.jpeg,,,replay_0881.jpeg
REPLAY/Lenovo ThinkBook 15 G2 by Honor 8A/replay_0882.jpeg,,,replay_0882.jpeg
REPLAY/Lenovo ThinkBook 15 G2 by Honor 8A/replay_0883.jpeg,,,replay_0883.jpeg
REPLAY/Lenovo ThinkBook 15 G2 by Honor 8A/replay_0884.jpeg,,,replay_0884.jpeg
REPLAY/Lenovo ThinkBook 15 G2 by Honor 8A/replay_0885.jpeg,,,replay_0885.jpeg
REPLAY/Lenovo ThinkBook 15 G2 by Honor 8A/replay_0886.jpeg,,,replay_0886.jpeg
REPLAY/Lenovo ThinkBook 15 G2 by Honor 8A/replay_0887.jpeg,,,replay_0887.jpeg
REPLAY/Lenovo ThinkBook 15 G2 by Honor 8A/replay_0888.jpeg,,,replay_0888.jpeg
REPLAY/Lenovo ThinkBook 15 G2 by Honor 8A/replay_0889.jpeg,,,replay_0889.jpeg
REPLAY/Lenovo ThinkBook 15 G2 by Honor 8A/replay_0890.jpeg,,,replay_0890.jpeg
REPLAY/Lenovo ThinkBook 15 G2 by Honor 8A/replay_0891.jpeg,,,replay_0891.jpeg
REPLAY/Lenovo ThinkBook 15 G2 by Honor 8A/replay_0892.jpeg,,,replay_0892.jpeg
REPLAY/Lenovo ThinkBook 15 G2 by Honor 8A/replay_0893.jpeg,,,replay_0893.jpeg
REPLAY/Lenovo ThinkBook 15 G2 by Honor 8A/replay_0894.jpeg,,,replay_0894.jpeg
REPLAY/Lenovo ThinkBook 15 G2 by Honor 8A/replay_0895.jpeg,,,replay_0895.jpeg
REPLAY/Lenovo ThinkBook 15 G2 by Honor 8A/replay_0896.jpeg,,,replay_0896.jpeg
REPLAY/Lenovo ThinkBook 15 G2 by Honor 8A/replay_0897.jpeg,,,replay_0897.jpeg
REPLAY/Lenovo ThinkBook 15 G2 by Honor 8A/replay_0898.jpeg,,,replay_0898.jpeg
REPLAY/Lenovo ThinkBook 15 G2 by Honor 8A/replay_0899.jpeg,,,replay_0899.jpeg
REPLAY/Lenovo ThinkBook 15 G2 by Honor 8A/replay_0900.jpeg,,,replay_0900.jpeg
REPLAY/Lenovo ThinkBook 15 G2 by Honor 8A/replay_0901.jpeg,,,replay_0901.jpeg
REPLAY/Lenovo ThinkBook 15 G2 by Honor 8A/replay_0902.jpeg,,,replay_0902.jpeg
REPLAY/Lenovo ThinkBook 15 G2 by Honor 8A/replay_0903.jpeg,,,replay_0903.jpeg
REPLAY/Lenovo ThinkBook 15 G2 by Honor 8A/replay_0904.jpeg,,,replay_0904.jpeg
REPLAY/Lenovo ThinkBook 15 G2 by Honor 8A/replay_0905.jpeg,,,replay_0905.jpeg
REPLAY/Lenovo ThinkBook 15 G2 by Honor 8A/replay_0906.jpeg,,,replay_0906.jpeg
REPLAY/Lenovo ThinkBook 15 G2 by Honor 8A/replay_0907.jpeg,,,replay_0907.jpeg
REPLAY/Lenovo ThinkBook 15 G2 by Honor 8A/replay_0908.jpeg,,,replay_0908.jpeg
REPLAY/Lenovo ThinkBook 15 G2 by Honor 8A/replay_0909.jpeg,,,replay_0909.jpeg
REPLAY/Lenovo ThinkBook 15 G2 by Honor 8A/replay_0910.jpeg,,,replay_0910.jpeg
REPLAY/Lenovo ThinkBook 15 G2 by Honor 8A/replay_0911.jpeg,,,replay_0911.jpeg
REPLAY/Lenovo ThinkBook 15 G2 by Honor 8A/replay_0912.jpeg,,,replay_0912.jpeg
REPLAY/Lenovo ThinkBook 15 G2 by Honor 8A/replay_0913.jpeg,,,replay_0913.jpeg
REPLAY/Lenovo ThinkBook 15 G2 by Honor 8A/replay_0914.jpeg,,,replay_0914.jpeg
REPLAY/Lenovo ThinkBook 15 G2 by Honor 8A/replay_0915.jpeg,,,replay_0915.jpeg
REPLAY/Lenovo ThinkBook 15 G2 by Honor 8A/replay_0916.jpeg,,,replay_0916.jpeg
REPLAY/Lenovo ThinkBook 15 G2 by Honor 8A/replay_0917.jpeg,,,replay_0917.jpeg
REPLAY/Lenovo ThinkBook 15 G2 by Honor 8A/replay_0918.jpeg,,,replay_0918.jpeg
REPLAY/Lenovo ThinkBook 15 G2 by Honor 8A/replay_0919.jpeg,,,replay_0919.jpeg
REPLAY/Lenovo ThinkBook 15 G2 by Honor 8A/replay_0920.jpeg,,,replay_0920.jpeg
REPLAY/Phillips PHL 271V8 and MacBook Pro M1/replay_0921.jpeg,,,replay_0921.jpeg
REPLAY/Phillips PHL 271V8 and MacBook Pro M1/replay_0922.jpeg,,,replay_0922.jpeg
REPLAY/Phillips PHL 271V8 and MacBook Pro M1/replay_0923.jpeg,,,replay_0923.jpeg
REPLAY/Phillips PHL 271V8 and MacBook Pro M1/replay_0924.jpeg,,,replay_0924.jpeg
REPLAY/Phillips PHL 271V8 and MacBook Pro M1/replay_0925.jpeg,,,replay_0925.jpeg
REPLAY/Phillips PHL 271V8 and MacBook Pro M1/replay_0926.jpeg,,,replay_0926.jpeg
REPLAY/Phillips PHL 271V8 and MacBook Pro M1/replay_0927.jpeg,,,replay_0927.jpeg
REPLAY/Phillips PHL 271V8 and MacBook Pro M1/replay_0928.jpeg,,,replay_0928.jpeg
REPLAY/Phillips PHL 271V8 and MacBook Pro M1/replay_0929.jpeg,,,replay_0929.jpeg
REPLAY/Phillips PHL 271V8 and MacBook Pro M1/replay_0930.jpeg,,,replay_0930.jpeg
REPLAY/Phillips PHL 271V8 and MacBook Pro M1/replay_0931.jpeg,,,replay_0931.jpeg
REPLAY/Phillips PHL 271V8 and MacBook Pro M1/replay_0932.jpeg,,,replay_0932.jpeg
REPLAY/Phillips PHL 271V8 and MacBook Pro M1/replay_0933.jpeg,,,replay_0933.jpeg
REPLAY/Phillips PHL 271V8 and MacBook Pro M1/replay_0934.jpeg,,,replay_0934.jpeg
REPLAY/Phillips PHL 271V8 and MacBook Pro M1/replay_0935.jpeg,,,replay_0935.jpeg
REPLAY/Phillips PHL 271V8 and MacBook Pro M1/replay_0936.jpeg,,,replay_0936.jpeg
REPLAY/Phillips PHL 271V8 and MacBook Pro M1/replay_0937.jpeg,,,replay_0937.jpeg
REPLAY/Phillips PHL 271V8 and MacBook Pro M1/replay_0938.jpeg,,,replay_0938.jpeg
REPLAY/Phillips PHL 271V8 and MacBook Pro M1/replay_0939.jpeg,,,replay_0939.jpeg
REPLAY/Phillips PHL 271V8 and MacBook Pro M1/replay_0940.jpeg,,,replay_0940.jpeg
REPLAY/Phillips PHL 271V8 and MacBook Pro M1/replay_0941.jpeg,,,replay_0941.jpeg
REPLAY/Phillips PHL 271V8 and MacBook Pro M1/replay_0942.jpeg,,,replay_0942.jpeg
REPLAY/Phillips PHL 271V8 and MacBook Pro M1/replay_0943.jpeg,,,replay_0943.jpeg
REPLAY/Phillips PHL 271V8 and MacBook Pro M1/replay_0944.jpeg,,,replay_0944.jpeg
REPLAY/Phillips PHL 271V8 and MacBook Pro M1/replay_0945.jpeg,,,replay_0945.jpeg
REPLAY/Phillips PHL 271V8 and MacBook Pro M1/replay_0946.jpeg,,,replay_0946.jpeg
REPLAY/Phillips PHL 271V8 and MacBook Pro M1/replay_0947.jpeg,,,replay_0947.jpeg
REPLAY/Phillips PHL 271V8 and MacBook Pro M1/replay_0948.jpeg,,,replay_0948.jpeg
REPLAY/Phillips PHL 271V8 and MacBook Pro M1/replay_0949.jpeg,,,replay_0949.jpeg
REPLAY/Phillips PHL 271V8 and MacBook Pro M1/replay_0950.jpeg,,,replay_0950.jpeg
REPLAY/Phillips PHL 271V8 and MacBook Pro M1/replay_0951.jpeg,,,replay_0951.jpeg
REPLAY/Phillips PHL 271V8 and MacBook Pro M1/replay_0952.jpeg,,,replay_0952.jpeg
REPLAY/Phillips PHL 271V8 and MacBook Pro M1/replay_0953.jpeg,,,replay_0953.jpeg
REPLAY/Phillips PHL 271V8 and MacBook Pro M1/replay_0954.jpeg,,,replay_0954.jpeg
REPLAY/Phillips PHL 271V8 and MacBook Pro M1/replay_0955.jpeg,,,replay_0955.jpeg
REPLAY/Phillips PHL 271V8 and MacBook Pro M1/replay_0956.jpeg,,,replay_0956.jpeg
REPLAY/Phillips PHL 271V8 and MacBook Pro M1/replay_0957.jpeg,,,replay_0957.jpeg
REPLAY/Phillips PHL 271V8 and MacBook Pro M1/replay_0958.jpeg,,,replay_0958.jpeg
REPLAY/Phillips PHL 271V8 and MacBook Pro M1/replay_0959.jpeg,,,replay_0959.jpeg
REPLAY/Phillips PHL 271V8 and MacBook Pro M1/replay_0960.jpeg,,,replay_0960.jpeg
REPLAY/Phillips PHL 271V8 and MacBook Pro M1/replay_0961.jpeg,,,replay_0961.jpeg
REPLAY/Phillips PHL 271V8 and MacBook Pro M1/replay_0962.jpeg,,,replay_0962.jpeg
REPLAY/Phillips PHL 271V8 and MacBook Pro M1/replay_0963.jpeg,,,replay_0963.jpeg
REPLAY/Phillips PHL 271V8 and MacBook Pro M1/replay_0964.jpeg,,,replay_0964.jpeg
REPLAY/Phillips PHL 271V8 and MacBook Pro M1/replay_0965.jpeg,,,replay_0965.jpeg
REPLAY/Phillips PHL 271V8 and MacBook Pro M1/replay_0966.jpeg,,,replay_0966.jpeg
REPLAY/Phillips PHL 271V8 and MacBook Pro M1/replay_0967.jpeg,,,replay_0967.jpeg
REPLAY/Phillips PHL 271V8 and MacBook Pro M1/replay_0968.jpeg,,,replay_0968.jpeg
REPLAY/Phillips PHL 271V8 and MacBook Pro M1/replay_0969.jpeg,,,replay_0969.jpeg
REPLAY/Phillips PHL 271V8 and MacBook Pro M1/replay_0970.jpeg,,,replay_0970.jpeg
REPLAY/Phillips PHL 271V8 and MacBook Pro M1/replay_0971.jpeg,,,replay_0971.jpeg
REPLAY/Phillips PHL 271V8 and MacBook Pro M1/replay_0972.jpeg,,,replay_0972.jpeg
REPLAY/Phillips PHL 271V8 and MacBook Pro M1/replay_0973.jpeg,,,replay_0973.jpeg
REPLAY/Phillips PHL 271V8 and MacBook Pro M1/replay_0974.jpeg,,,replay_0974.jpeg
REPLAY/Phillips PHL 271V8 and MacBook Pro M1/replay_0975.jpeg,,,replay_0975.jpeg
REPLAY/Phillips PHL 271V8 and MacBook Pro M1/replay_0976.jpeg,,,replay_0976.jpeg
REPLAY/Phillips PHL 271V8 and MacBook Pro M1/replay_0977.jpeg,,,replay_0977.jpeg
REPLAY/Phillips PHL 271V8 and MacBook Pro M1/replay_0978.jpeg,,,replay_0978.jpeg
REPLAY/Phillips PHL 271V8 and MacBook Pro M1/replay_0979.jpeg,,,replay_0979.jpeg
REPLAY/Phillips PHL 271V8 and MacBook Pro M1/replay_0980.jpeg,,,replay_0980.jpeg
REPLAY/Phillips PHL 271V8 and MacBook Pro M1/replay_0981.jpeg,,,replay_0981.jpeg
REPLAY/Phillips PHL 271V8 and MacBook Pro M1/replay_0982.jpeg,,,replay_0982.jpeg
REPLAY/Phillips PHL 271V8 and MacBook Pro M1/replay_0983.jpeg,,,replay_0983.jpeg
REPLAY/Phillips PHL 271V8 and MacBook Pro M1/replay_0984.jpeg,,,replay_0984.jpeg
REPLAY/Phillips PHL 271V8 and MacBook Pro M1/replay_0985.jpeg,,,replay_0985.jpeg
REPLAY/Phillips PHL 271V8 and MacBook Pro M1/replay_0986.jpeg,,,replay_0986.jpeg
REPLAY/Phillips PHL 271V8 and MacBook Pro M1/replay_0987.jpeg,,,replay_0987.jpeg
REPLAY/Phillips PHL 271V8 and MacBook Pro M1/replay_0988.jpeg,,,replay_0988.jpeg
REPLAY/Phillips PHL 271V8 and MacBook Pro M1/replay_0989.jpeg,,,replay_0989.jpeg
REPLAY/Phillips PHL 271V8 and MacBook Pro M1/replay_0990.jpeg,,,replay_0990.jpeg
REPLAY/Phillips PHL 271V8 and MacBook Pro M1/replay_0991.jpeg,,,replay_0991.jpeg
REPLAY/Phillips PHL 271V8 and MacBook Pro M1/replay_0992.jpeg,,,replay_0992.jpeg
REPLAY/Phillips PHL 271V8 and MacBook Pro M1/replay_0993.jpeg,,,replay_0993.jpeg
REPLAY/Phillips PHL 271V8 and MacBook Pro M1/replay_0994.jpeg,,,replay_0994.jpeg
REPLAY/Phillips PHL 271V8 and MacBook Pro M1/replay_0995.jpeg,,,replay_0995.jpeg
REPLAY/Phillips PHL 271V8 and MacBook Pro M1/replay_0996.jpeg,,,replay_0996.jpeg
REPLAY/Phillips PHL 271V8 and MacBook Pro M1/replay_0997.jpeg,,,replay_0997.jpeg
REPLAY/Phillips PHL 271V8 and MacBook Pro M1/replay_0998.jpeg,,,replay_0998.jpeg
REPLAY/Phillips PHL 271V8 and MacBook Pro M1/replay_0999.jpeg,,,replay_0999.jpeg
REPLAY/Phillips PHL 271V8 and MacBook Pro M1/replay_1000.jpeg,,,replay_1000.jpeg
REPLAY/Phillips PHL 271V8 and MacBook Pro M1/replay_1001.jpeg,,,replay_1001.jpeg
REPLAY/Phillips PHL 271V8 and MacBook Pro M1/replay_1002.jpeg,,,replay_1002.jpeg
REPLAY/Phillips PHL 271V8 and MacBook Pro M1/replay_1003.jpeg,,,replay_1003.jpeg
REPLAY/Phillips PHL 271V8 and MacBook Pro M1/replay_1004.jpeg,,,replay_1004.jpeg
REPLAY/Phillips PHL 271V8 and MacBook Pro M1/replay_1005.jpeg,,,replay_1005.jpeg
REPLAY/Phillips PHL 271V8 and MacBook Pro M1/replay_1006.jpeg,,,replay_1006.jpeg
REPLAY/Phillips PHL 271V8 and MacBook Pro M1/replay_1007.jpeg,,,replay_1007.jpeg
REPLAY/Phillips PHL 271V8 and MacBook Pro M1/replay_1008.jpeg,,,replay_1008.jpeg
REPLAY/Phillips PHL 271V8 and MacBook Pro M1/replay_1009.jpeg,,,replay_1009.jpeg
REPLAY/Phillips PHL 271V8 and MacBook Pro M1/replay_1010.jpeg,,,replay_1010.jpeg
REPLAY/Phillips PHL 271V8 and MacBook Pro M1/replay_1011.jpeg,,,replay_1011.jpeg
REPLAY/Phillips PHL 271V8 and MacBook Pro M1/replay_1012.jpeg,,,replay_1012.jpeg
REPLAY/Phillips PHL 271V8 and MacBook Pro M1/replay_1013.jpeg,,,replay_1013.jpeg
REPLAY/Phillips PHL 271V8 and MacBook Pro M1/replay_1014.jpeg,,,replay_1014.jpeg
REPLAY/Phillips PHL 271V8 and MacBook Pro M1/replay_1015.jpeg,,,replay_1015.jpeg
REPLAY/Phillips PHL 271V8 and MacBook Pro M1/replay_1016.jpeg,,,replay_1016.jpeg
REPLAY/Phillips PHL 271V8 and MacBook Pro M1/replay_1017.jpeg,,,replay_1017.jpeg
REPLAY/Phillips PHL 271V8 and MacBook Pro M1/replay_1018.jpeg,,,replay_1018.jpeg
REPLAY/Phillips PHL 271V8 and MacBook Pro M1/replay_1019.jpeg,,,replay_1019.jpeg
REPLAY/Phillips PHL 271V8 and MacBook Pro M1/replay_1020.jpeg,,,replay_1020.jpeg
REPLAY/Phillips PHL 271V8 and MacBook Pro M1/replay_1021.jpeg,,,replay_1021.jpeg
REPLAY/Phillips PHL 271V8 and MacBook Pro M1/replay_1022.jpeg,,,replay_1022.jpeg
REPLAY/Phillips PHL 271V8 and MacBook Pro M1/replay_1023.jpeg,,,replay_1023.jpeg
REPLAY/Phillips PHL 271V8 and MacBook Pro M1/replay_1024.jpeg,,,replay_1024.jpeg
REPLAY/Phillips PHL 271V8 and MacBook Pro M1/replay_1025.jpeg,,,replay_1025.jpeg
REPLAY/Phillips PHL 271V8 and MacBook Pro M1/replay_1026.jpeg,,,replay_1026.jpeg
REPLAY/Phillips PHL 271V8 and MacBook Pro M1/replay_1027.jpeg,,,replay_1027.jpeg
REPLAY/Phillips PHL 271V8 and MacBook Pro M1/replay_1028.jpeg,,,replay_1028.jpeg
REPLAY/Phillips PHL 271V8 and MacBook Pro M1/replay_1029.jpeg,,,replay_1029.jpeg
REPLAY/Phillips PHL 271V8 and MacBook Pro M1/replay_1030.jpeg,,,replay_1030.jpeg
REPLAY/Phillips PHL 271V8 and MacBook Pro M1/replay_1031.jpeg,,,replay_1031.jpeg
REPLAY/Phillips PHL 271V8 and MacBook Pro M1/replay_1032.jpeg,,,replay_1032.jpeg
REPLAY/Phillips PHL 271V8 and MacBook Pro M1/replay_1033.jpeg,,,replay_1033.jpeg
REPLAY/Phillips PHL 271V8 and MacBook Pro M1/replay_1034.jpeg,,,replay_1034.jpeg
REPLAY/Phillips PHL 271V8 and MacBook Pro M1/replay_1035.jpeg,,,replay_1035.jpeg
REPLAY/Phillips PHL 271V8 and MacBook Pro M1/replay_1036.jpeg,,,replay_1036.jpeg
REPLAY/Phillips PHL 271V8 and MacBook Pro M1/replay_1037.jpeg,,,replay_1037.jpeg
REPLAY/Phillips PHL 271V8 and MacBook Pro M1/replay_1038.jpeg,,,replay_1038.jpeg
REPLAY/Phillips PHL 271V8 and MacBook Pro M1/replay_1039.jpeg,,,replay_1039.jpeg
REPLAY/Phillips PHL 271V8 and MacBook Pro M1/replay_1040.jpeg,,,replay_1040.jpeg
REPLAY/Phillips PHL 271V8 and MacBook Pro M1/replay_1041.jpeg,,,replay_1041.jpeg
REPLAY/Phillips PHL 271V8 and MacBook Pro M1/replay_1042.jpeg,,,replay_1042.jpeg
REPLAY/Phillips PHL 271V8 and MacBook Pro M1/replay_1043.jpeg,,,replay_1043.jpeg
REPLAY/Phillips PHL 271V8 and MacBook Pro M1/replay_1044.jpeg,,,replay_1044.jpeg
REPLAY/Phillips PHL 271V8 and MacBook Pro M1/replay_1045.jpeg,,,replay_1045.jpeg
REPLAY/Phillips PHL 271V8 and MacBook Pro M1/replay_1046.jpeg,,,replay_1046.jpeg
REPLAY/Phillips PHL 271V8 and MacBook Pro M1/replay_1047.jpeg,,,replay_1047.jpeg
REPLAY/Phillips PHL 271V8 and MacBook Pro M1/replay_1048.jpeg,,,replay_1048.jpeg
REPLAY/Phillips PHL 271V8 and MacBook Pro M1/replay_1049.jpeg,,,replay_1049.jpeg
REPLAY/Phillips PHL 271V8 and MacBook Pro M1/replay_1050.jpeg,,,replay_1050.jpeg
REPLAY/Phillips PHL 271V8 and MacBook Pro M1/replay_1051.jpeg,,,replay_1051.jpeg
REPLAY/Phillips PHL 271V8 and MacBook Pro M1/replay_1052.jpeg,,,replay_1052.jpeg
REPLAY/Phillips PHL 271V8 and MacBook Pro M1/replay_1053.jpeg,,,replay_1053.jpeg
REPLAY/Phillips PHL 271V8 and MacBook Pro M1/replay_1054.jpeg,,,replay_1054.jpeg
REPLAY/Phillips PHL 271V8 and MacBook Pro M1/replay_1055.jpeg,,,replay_1055.jpeg
REPLAY/Phillips PHL 271V8 and MacBook Pro M1/replay_1056.jpeg,,,replay_1056.jpeg
REPLAY/Phillips PHL 271V8 and MacBook Pro M1/replay_1057.jpeg,,,replay_1057.jpeg
REPLAY/Phillips PHL 271V8 and MacBook Pro M1/replay_1058.jpeg,,,replay_1058.jpeg
REPLAY/Phillips PHL 271V8 and MacBook Pro M1/replay_1059.jpeg,,,replay_1059.jpeg
REPLAY/Phillips PHL 271V8 and MacBook Pro M1/replay_1060.jpeg,,,replay_1060.jpeg
REPLAY/Phillips PHL 271V8 and MacBook Pro M1/replay_1061.jpeg,,,replay_1061.jpeg
REPLAY/Phillips PHL 271V8 and MacBook Pro M1/replay_1062.jpeg,,,replay_1062.jpeg
REPLAY/Phillips PHL 271V8 and MacBook Pro M1/replay_1063.jpeg,,,replay_1063.jpeg
REPLAY/Phillips PHL 271V8 and MacBook Pro M1/replay_1064.jpeg,,,replay_1064.jpeg
REPLAY/Phillips PHL 271V8 and MacBook Pro M1/replay_1065.jpeg,,,replay_1065.jpeg
REPLAY/Phillips PHL 271V8 and MacBook Pro M1/replay_1066.jpeg,,,replay_1066.jpeg
REPLAY/Phillips PHL 271V8 and MacBook Pro M1/replay_1067.jpeg,,,replay_1067.jpeg
REPLAY/Phillips PHL 271V8 and MacBook Pro M1/replay_1068.jpeg,,,replay_1068.jpeg
REPLAY/Phillips PHL 271V8 and MacBook Pro M1/replay_1069.jpeg,,,replay_1069.jpeg
REPLAY/Phillips PHL 271V8 and MacBook Pro M1/replay_1070.jpeg,,,replay_1070.jpeg
REPLAY/Phillips PHL 271V8 and MacBook Pro M1/replay_1071.jpeg,,,replay_1071.jpeg
REPLAY/Phillips PHL 271V8 and MacBook Pro M1/replay_1072.jpeg,,,replay_1072.jpeg
REPLAY/Phillips PHL 271V8 and MacBook Pro M1/replay_1073.jpeg,,,replay_1073.jpeg
REPLAY/Phillips PHL 271V8 and MacBook Pro M1/replay_1074.jpeg,,,replay_1074.jpeg
REPLAY/Phillips PHL 271V8 and MacBook Pro M1/replay_1075.jpeg,,,replay_1075.jpeg
REPLAY/Phillips PHL 271V8 and MacBook Pro M1/replay_1076.jpeg,,,replay_1076.jpeg
REPLAY/Phillips PHL 271V8 and MacBook Pro M1/replay_1077.jpeg,,,replay_1077.jpeg
REPLAY/Phillips PHL 271V8 and MacBook Pro M1/replay_1078.jpeg,,,replay_1078.jpeg
REPLAY/Phillips PHL 271V8 and MacBook Pro M1/replay_1079.jpeg,,,replay_1079.jpeg
REPLAY/Phillips PHL 271V8 and MacBook Pro M1/replay_1080.jpeg,,,replay_1080.jpeg
REPLAY/Phillips PHL 271V8 and MacBook Pro M1/replay_1081.jpeg,,,replay_1081.jpeg
REPLAY/Phillips PHL 271V8 and MacBook Pro M1/replay_1082.jpeg,,,replay_1082.jpeg
REPLAY/Phillips PHL 271V8 and MacBook Pro M1/replay_1083.jpeg,,,replay_1083.jpeg
REPLAY/Phillips PHL 271V8 and MacBook Pro M1/replay_1084.jpeg,,,replay_1084.jpeg
REPLAY/Phillips PHL 271V8 and MacBook Pro M1/replay_1085.jpeg,,,replay_1085.jpeg
REPLAY/Phillips PHL 271V8 and MacBook Pro M1/replay_1086.jpeg,,,replay_1086.jpeg
REPLAY/Phillips PHL 271V8 and MacBook Pro M1/replay_1087.jpeg,,,replay_1087.jpeg
REPLAY/Phillips PHL 271V8 and MacBook Pro M1/replay_1088.jpeg,,,replay_1088.jpeg
REPLAY/Phillips PHL 271V8 and MacBook Pro M1/replay_1089.jpeg,,,replay_1089.jpeg
REPLAY/Phillips PHL 271V8 and MacBook Pro M1/replay_1090.jpeg,,,replay_1090.jpeg
REPLAY/Phillips PHL 271V8 and MacBook Pro M1/replay_1091.jpeg,,,replay_1091.jpeg
REPLAY/Phillips PHL 271V8 and MacBook Pro M1/replay_1092.jpeg,,,replay_1092.jpeg
REPLAY/Phillips PHL 271V8 and MacBook Pro M1/replay_1093.jpeg,,,replay_1093.jpeg
REPLAY/Phillips PHL 271V8 and MacBook Pro M1/replay_1094.jpeg,,,replay_1094.jpeg
REPLAY/Phillips PHL 271V8 and MacBook Pro M1/replay_1095.jpeg,,,replay_1095.jpeg
REPLAY/Phillips PHL 271V8 and MacBook Pro M1/replay_1096.jpeg,,,replay_1096.jpeg
REPLAY/Phillips PHL 271V8 and MacBook Pro M1/replay_1097.jpeg,,,replay_1097.jpeg
REPLAY/Phillips PHL 271V8 and MacBook Pro M1/replay_1098.jpeg,,,replay_1098.jpeg
REPLAY/Phillips PHL 271V8 and MacBook Pro M1/replay_1099.jpeg,,,replay_1099.jpeg
REPLAY/Phillips PHL 271V8 and MacBook Pro M1/replay_1100.jpeg,,,replay_1100.jpeg
REPLAY/Phillips PHL 271V8 and MacBook Pro M1/replay_1101.jpeg,,,replay_1101.jpeg
REPLAY/Phillips PHL 271V8 and MacBook Pro M1/replay_1102.jpeg,,,replay_1102.jpeg
REPLAY/Phillips PHL 271V8 and MacBook Pro M1/replay_1103.jpeg,,,replay_1103.jpeg
REPLAY/Phillips PHL 271V8 and MacBook Pro M1/replay_1104.jpeg,,,replay_1104.jpeg
REPLAY/Phillips PHL 271V8 and MacBook Pro M1/replay_1105.jpeg,,,replay_1105.jpeg
REPLAY/Phillips PHL 271V8 and MacBook Pro M1/replay_1106.jpeg,,,replay_1106.jpeg
REPLAY/Phillips PHL 271V8 and MacBook Pro M1/replay_1107.jpeg,,,replay_1107.jpeg
REPLAY/Phillips PHL 271V8 and MacBook Pro M1/replay_1108.jpeg,,,replay_1108.jpeg
REPLAY/Phillips PHL 271V8 and MacBook Pro M1/replay_1109.jpeg,,,replay_1109.jpeg
REPLAY/Phillips PHL 271V8 and MacBook Pro M1/replay_1110.jpeg,,,replay_1110.jpeg
REPLAY/Phillips PHL 271V8 and MacBook Pro M1/replay_1111.jpeg,,,replay_1111.jpeg
REPLAY/Phillips PHL 271V8 and MacBook Pro M1/replay_1112.jpeg,,,replay_1112.jpeg
REPLAY/Phillips PHL 271V8 and MacBook Pro M1/replay_1113.jpeg,,,replay_1113.jpeg
REPLAY/Phillips PHL 271V8 and MacBook Pro M1/replay_1114.jpeg,,,replay_1114.jpeg
REPLAY/Phillips PHL 271V8 and MacBook Pro M1/replay_1115.jpeg,,,replay_1115.jpeg
REPLAY/Phillips PHL 271V8 and MacBook Pro M1/replay_1116.jpeg,,,replay_1116.jpeg
REPLAY/Phillips PHL 271V8 and MacBook Pro M1/replay_1117.jpeg,,,replay_1117.jpeg
REPLAY/Phillips PHL 271V8 and MacBook Pro M1/replay_1118.jpeg,,,replay_1118.jpeg
REPLAY/Phillips PHL 271V8 and MacBook Pro M1/replay_1119.jpeg,,,replay_1119.jpeg
REPLAY/Phillips PHL 271V8 and MacBook Pro M1/replay_1120.jpeg,,,replay_1120.jpeg
REPLAY/Phillips PHL 271V8 and MacBook Pro M1/replay_1121.jpeg,,,replay_1121.jpeg
REPLAY/Phillips PHL 271V8 and MacBook Pro M1/replay_1122.jpeg,,,replay_1122.jpeg
REPLAY/Phillips PHL 271V8 and MacBook Pro M1/replay_1123.jpeg,,,replay_1123.jpeg
REPLAY/Phillips PHL 271V8 and MacBook Pro M1/replay_1124.jpeg,,,replay_1124.jpeg
REPLAY/Phillips PHL 271V8 and MacBook Pro M1/replay_1125.jpeg,,,replay_1125.jpeg
REPLAY/Phillips PHL 271V8 and MacBook Pro M1/replay_1126.jpeg,,,replay_1126.jpeg
REPLAY/Phillips PHL 271V8 and MacBook Pro M1/replay_1127.jpeg,,,replay_1127.jpeg
REPLAY/Phillips PHL 271V8 and MacBook Pro M1/replay_1128.jpeg,,,replay_1128.jpeg
REPLAY/Phillips PHL 271V8 and MacBook Pro M1/replay_1129.jpeg,,,replay_1129.jpeg
REPLAY/Phillips PHL 271V8 and MacBook Pro M1/replay_1130.jpeg,,,replay_1130.jpeg
REPLAY/Phillips PHL 271V8 and MacBook Pro M1/replay_1131.jpeg,,,replay_1131.jpeg
REPLAY/Phillips PHL 271V8 and MacBook Pro M1/replay_1132.jpeg,,,replay_1132.jpeg
REPLAY/Phillips PHL 271V8 and MacBook Pro M1/replay_1133.jpeg,,,replay_1133.jpeg
REPLAY/Phillips PHL 271V8 and MacBook Pro M1/replay_1134.jpeg,,,replay_1134.jpeg
REPLAY/Phillips PHL 271V8 and MacBook Pro M1/replay_1135.jpeg,,,replay_1135.jpeg
REPLAY/Phillips PHL 271V8 and MacBook Pro M1/replay_1136.jpeg,,,replay_1136.jpeg
REPLAY/Phillips PHL 271V8 and MacBook Pro M1/replay_1137.jpeg,,,replay_1137.jpeg
REPLAY/Phillips PHL 271V8 and MacBook Pro M1/replay_1138.jpeg,,,replay_1138.jpeg
REPLAY/Phillips PHL 271V8 and MacBook Pro M1/replay_1139.jpeg,,,replay_1139.jpeg
REPLAY/Phillips PHL 271V8 and MacBook Pro M1/replay_1140.jpeg,,,replay_1140.jpeg
REPLAY/Phillips PHL 271V8 and MacBook Pro M1/replay_1141.jpeg,,,replay_1141.jpeg
REPLAY/Phillips PHL 271V8 and MacBook Pro M1/replay_1142.jpeg,,,replay_1142.jpeg
REPLAY/Phillips PHL 271V8 and MacBook Pro M1/replay_1143.jpeg,,,replay_1143.jpeg
REPLAY/Phillips PHL 271V8 and MacBook Pro M1/replay_1144.jpeg,,,replay_1144.jpeg
REPLAY/Phillips PHL 271V8 and MacBook Pro M1/replay_1145.jpeg,,,replay_1145.jpeg
REPLAY/Phillips PHL 271V8 and MacBook Pro M1/replay_1146.jpeg,,,replay_1146.jpeg
REPLAY/Phillips PHL 271V8 and MacBook Pro M1/replay_1147.jpeg,,,replay_1147.jpeg
REPLAY/Phillips PHL 271V8 and MacBook Pro M1/replay_1148.jpeg,,,replay_1148.jpeg
REPLAY/Phillips PHL 271V8 and MacBook Pro M1/replay_1149.jpeg,,,replay_1149.jpeg
REPLAY/Phillips PHL 271V8 and MacBook Pro M1/replay_1150.jpeg,,,replay_1150.jpeg
REPLAY/Phillips PHL 271V8 and MacBook Pro M1/replay_1151.jpeg,,,replay_1151.jpeg
REPLAY/Phillips PHL 271V8 and MacBook Pro M1/replay_1152.jpeg,,,replay_1152.jpeg
REPLAY/Phillips PHL 271V8 and MacBook Pro M1/replay_1153.jpeg,,,replay_1153.jpeg
REPLAY/Phillips PHL 271V8 and MacBook Pro M1/replay_1154.jpeg,,,replay_1154.jpeg
REPLAY/Phillips PHL 271V8 and MacBook Pro M1/replay_1155.jpeg,,,replay_1155.jpeg
REPLAY/Phillips PHL 271V8 and MacBook Pro M1/replay_1156.jpeg,,,replay_1156.jpeg
REPLAY/Phillips PHL 271V8 and MacBook Pro M1/replay_1157.jpeg,,,replay_1157.jpeg
REPLAY/Phillips PHL 271V8 and MacBook Pro M1/replay_1158.jpeg,,,replay_1158.jpeg
REPLAY/Phillips PHL 271V8 and MacBook Pro M1/replay_1159.jpeg,,,replay_1159.jpeg
REPLAY/Phillips PHL 271V8 and MacBook Pro M1/replay_1160.jpeg,,,replay_1160.jpeg
REPLAY/Phillips PHL 271V8 and MacBook Pro M1/replay_1161.jpeg,,,replay_1161.jpeg
REPLAY/Phillips PHL 271V8 and MacBook Pro M1/replay_1162.jpeg,,,replay_1162.jpeg
REPLAY/Phillips PHL 271V8 and MacBook Pro M1/replay_1163.jpeg,,,replay_1163.jpeg
REPLAY/Phillips PHL 271V8 and MacBook Pro M1/replay_1164.jpeg,,,replay_1164.jpeg
REPLAY/Phillips PHL 271V8 and MacBook Pro M1/replay_1165.jpeg,,,replay_1165.jpeg
REPLAY/Phillips PHL 271V8 and MacBook Pro M1/replay_1166.jpeg,,,replay_1166.jpeg
REPLAY/Phillips PHL 271V8 and MacBook Pro M1/replay_1167.jpeg,,,replay_1167.jpeg
REPLAY/Phillips PHL 271V8 and MacBook Pro M1/replay_1168.jpeg,,,replay_1168.jpeg
REPLAY/Phillips PHL 271V8 and MacBook Pro M1/replay_1169.jpeg,,,replay_1169.jpeg
REPLAY/Phillips PHL 271V8 and MacBook Pro M1/replay_1170.jpeg,,,replay_1170.jpeg
REPLAY/Phillips PHL 271V8 and MacBook Pro M1/replay_1171.jpeg,,,replay_1171.jpeg
REPLAY/Phillips PHL 271V8 and MacBook Pro M1/replay_1172.jpeg,,,replay_1172.jpeg
REPLAY/Phillips PHL 271V8 and MacBook Pro M1/replay_1173.jpeg,,,replay_1173.jpeg
REPLAY/Phillips PHL 271V8 and MacBook Pro M1/replay_1174.jpeg,,,replay_1174.jpeg
REPLAY/Phillips PHL 271V8 and MacBook Pro M1/replay_1175.jpeg,,,replay_1175.jpeg
REPLAY/Phillips PHL 271V8 and MacBook Pro M1/replay_1176.jpeg,,,replay_1176.jpeg
REPLAY/Phillips PHL 271V8 and MacBook Pro M1/replay_1177.jpeg,,,replay_1177.jpeg
REPLAY/Phillips PHL 271V8 and MacBook Pro M1/replay_1178.jpeg,,,replay_1178.jpeg
REPLAY/Phillips PHL 271V8 and MacBook Pro M1/replay_1179.jpeg,,,replay_1179.jpeg
REPLAY/Phillips PHL 271V8 and MacBook Pro M1/replay_1180.jpeg,,,replay_1180.jpeg
REPLAY/Phillips PHL 271V8 and MacBook Pro M1/replay_1181.jpeg,,,replay_1181.jpeg
REPLAY/Phillips PHL 271V8 and MacBook Pro M1/replay_1182.jpeg,,,replay_1182.jpeg
REPLAY/Phillips PHL 271V8 and MacBook Pro M1/replay_1183.jpeg,,,replay_1183.jpeg
REPLAY/Phillips PHL 271V8 and MacBook Pro M1/replay_1184.jpeg,,,replay_1184.jpeg
REPLAY/Phillips PHL 271V8 and MacBook Pro M1/replay_1185.jpeg,,,replay_1185.jpeg
REPLAY/Phillips PHL 271V8 and MacBook Pro M1/replay_1186.jpeg,,,replay_1186.jpeg
REPLAY/Phillips PHL 271V8 and MacBook Pro M1/replay_1187.jpeg,,,replay_1187.jpeg
REPLAY/Phillips PHL 271V8 and MacBook Pro M1/replay_1188.jpeg,,,replay_1188.jpeg
REPLAY/Phillips PHL 271V8 and MacBook Pro M1/replay_1189.jpeg,,,replay_1189.jpeg
REPLAY/Phillips PHL 271V8 and MacBook Pro M1/replay_1190.jpeg,,,replay_1190.jpeg
REPLAY/Phillips PHL 271V8 and MacBook Pro M1/replay_1191.jpeg,,,replay_1191.jpeg
REPLAY/Phillips PHL 271V8 and MacBook Pro M1/replay_1192.jpeg,,,replay_1192.jpeg
REPLAY/Phillips PHL 271V8 and MacBook Pro M1/replay_1193.jpeg,,,replay_1193.jpeg
REPLAY/Phillips PHL 271V8 and MacBook Pro M1/replay_1194.jpeg,,,replay_1194.jpeg
REPLAY/Phillips PHL 271V8 and MacBook Pro M1/replay_1195.jpeg,,,replay_1195.jpeg
REPLAY/Phillips PHL 271V8 and MacBook Pro M1/replay_1196.jpeg,,,replay_1196.jpeg
REPLAY/Phillips PHL 271V8 and MacBook Pro M1/replay_1197.jpeg,,,replay_1197.jpeg
REPLAY/Phillips PHL 271V8 and MacBook Pro M1/replay_1198.jpeg,,,replay_1198.jpeg
REPLAY/Phillips PHL 271V8 and MacBook Pro M1/replay_1199.jpeg,,,replay_1199.jpeg
REPLAY/Phillips PHL 271V8 and MacBook Pro M1/replay_1200.jpeg,,,replay_1200.jpeg
REPLAY/Phillips PHL 271V8 and MacBook Pro M1/replay_1201.jpeg,,,replay_1201.jpeg
REPLAY/Phillips PHL 271V8 and MacBook Pro M1/replay_1202.jpeg,,,replay_1202.jpeg
REPLAY/Phillips PHL 271V8 and MacBook Pro M1/replay_1203.jpeg,,,replay_1203.jpeg
REPLAY/Phillips PHL 271V8 and MacBook Pro M1/replay_1204.jpeg,,,replay_1204.jpeg
REPLAY/Phillips PHL 271V8 and MacBook Pro M1/replay_1205.jpeg,,,replay_1205.jpeg
REPLAY/Phillips PHL 271V8 and MacBook Pro M1/replay_1206.jpeg,,,replay_1206.jpeg
REPLAY/Phillips PHL 271V8 and MacBook Pro M1/replay_1207.jpeg,,,replay_1207.jpeg
REPLAY/Phillips PHL 271V8 and MacBook Pro M1/replay_1208.jpeg,,,replay_1208.jpeg
REPLAY/Phillips PHL 271V8 and MacBook Pro M1/replay_1209.jpeg,,,replay_1209.jpeg
REPLAY/Phillips PHL 271V8 and MacBook Pro M1/replay_1210.jpeg,,,replay_1210.jpeg
REPLAY/Phillips PHL 271V8 and MacBook Pro M1/replay_1211.jpeg,,,replay_1211.jpeg
REPLAY/Phillips PHL 271V8 and MacBook Pro M1/replay_1212.jpeg,,,replay_1212.jpeg
REPLAY/Phillips PHL 271V8 and MacBook Pro M1/replay_1213.jpeg,,,replay_1213.jpeg
REPLAY/Phillips PHL 271V8 and MacBook Pro M1/replay_1214.jpeg,,,replay_1214.jpeg
REPLAY/Phillips PHL 271V8 and MacBook Pro M1/replay_1215.jpeg,,,replay_1215.jpeg
REPLAY/Phillips PHL 271V8 and MacBook Pro M1/replay_1216.jpeg,,,replay_1216.jpeg
REPLAY/Phillips PHL 271V8 and MacBook Pro M1/replay_1217.jpeg,,,replay_1217.jpeg
REPLAY/Phillips PHL 271V8 and MacBook Pro M1/replay_1218.jpeg,,,replay_1218.jpeg
REPLAY/Phillips PHL 271V8 and MacBook Pro M1/replay_1219.jpeg,,,replay_1219.jpeg
REPLAY/Phillips PHL 271V8 and MacBook Pro M1/replay_1220.jpeg,,,replay_1220.jpeg
REPLAY/Phillips PHL 271V8 and MacBook Pro M1/replay_1221.jpeg,,,replay_1221.jpeg
REPLAY/Phillips PHL 271V8 and MacBook Pro M1/replay_1222.jpeg,,,replay_1222.jpeg
REPLAY/Phillips PHL 271V8 and MacBook Pro M1/replay_1223.jpeg,,,replay_1223.jpeg
REPLAY/Phillips PHL 271V8 and MacBook Pro M1/replay_1224.jpeg,,,replay_1224.jpeg
REPLAY/Phillips PHL 271V8 and MacBook Pro M1/replay_1225.jpeg,,,replay_1225.jpeg
REPLAY/Phillips PHL 271V8 and MacBook Pro M1/replay_1226.jpeg,,,replay_1226.jpeg
REPLAY/Phillips PHL 271V8 and MacBook Pro M1/replay_1227.jpeg,,,replay_1227.jpeg
REPLAY/Phillips PHL 271V8 and MacBook Pro M1/replay_1228.jpeg,,,replay_1228.jpeg
REPLAY/Phillips PHL 271V8 and MacBook Pro M1/replay_1229.jpeg,,,replay_1229.jpeg
REPLAY/Phillips PHL 271V8 and MacBook Pro M1/replay_1230.jpeg,,,replay_1230.jpeg
REPLAY/Phillips PHL 271V8 and MacBook Pro M1/replay_1231.jpeg,,,replay_1231.jpeg
REPLAY/Phillips PHL 271V8 and MacBook Pro M1/replay_1232.jpeg,,,replay_1232.jpeg
REPLAY/Phillips PHL 271V8 and MacBook Pro M1/replay_1233.jpeg,,,replay_1233.jpeg
REPLAY/Phillips PHL 271V8 and MacBook Pro M1/replay_1234.jpeg,,,replay_1234.jpeg
REPLAY/Phillips PHL 271V8 and MacBook Pro M1/replay_1235.jpeg,,,replay_1235.jpeg
REPLAY/Phillips PHL 271V8 and MacBook Pro M1/replay_1236.jpeg,,,replay_1236.jpeg
REPLAY/Phillips PHL 271V8 and MacBook Pro M1/replay_1237.jpeg,,,replay_1237.jpeg
REPLAY/Phillips PHL 271V8 and MacBook Pro M1/replay_1238.jpeg,,,replay_1238.jpeg
REPLAY/Phillips PHL 271V8 and MacBook Pro M1/replay_1239.jpeg,,,replay_1239.jpeg
REPLAY/Phillips PHL 271V8 and MacBook Pro M1/replay_1240.jpeg,,,replay_1240.jpeg
REPLAY/Phillips PHL 271V8 and MacBook Pro M1/replay_1241.jpeg,,,replay_1241.jpeg
REPLAY/Phillips PHL 271V8 and MacBook Pro M1/replay_1242.jpeg,,,replay_1242.jpeg
REPLAY/Phillips PHL 271V8 and MacBook Pro M1/replay_1243.jpeg,,,replay_1243.jpeg
REPLAY/Phillips PHL 271V8 and MacBook Pro M1/replay_1244.jpeg,,,replay_1244.jpeg
REPLAY/Phillips PHL 271V8 and MacBook Pro M1/replay_1245.jpeg,,,replay_1245.jpeg
REPLAY/Phillips PHL 271V8 and MacBook Pro M1/replay_1246.jpeg,,,replay_1246.jpeg
REPLAY/Phillips PHL 271V8 and MacBook Pro M1/replay_1247.jpeg,,,replay_1247.jpeg
REPLAY/Phillips PHL 271V8 and MacBook Pro M1/replay_1248.jpeg,,,replay_1248.jpeg
REPLAY/Phillips PHL 271V8 and MacBook Pro M1/replay_1249.jpeg,,,replay_1249.jpeg
REPLAY/Phillips PHL 271V8 and MacBook Pro M1/replay_1250.jpeg,,,replay_1250.jpeg
REPLAY/Phillips PHL 271V8 and MacBook Pro M1/replay_1251.jpeg,,,replay_1251.jpeg
REPLAY/Samsung Galaxy J3 by Honor 8A/replay_1252.jpeg,,,replay_1252.jpeg
REPLAY/Samsung Galaxy J3 by Honor 8A/replay_1253.jpeg,,,replay_1253.jpeg
REPLAY/Samsung Galaxy J3 by Honor 8A/replay_1254.jpeg,,,replay_1254.jpeg
REPLAY/Samsung Galaxy J3 by Honor 8A/replay_1255.jpeg,,,replay_1255.jpeg
REPLAY/Samsung Galaxy J3 by Honor 8A/replay_1256.jpeg,,,replay_1256.jpeg
REPLAY/Samsung Galaxy J3 by Honor 8A/replay_1257.jpeg,,,replay_1257.jpeg
REPLAY/Samsung Galaxy J3 by Honor 8A/replay_1258.jpeg,,,replay_1258.jpeg
REPLAY/Samsung Galaxy J3 by Honor 8A/replay_1259.jpeg,,,replay_1259.jpeg
REPLAY/Samsung Galaxy J3 by Honor 8A/replay_1260.jpeg,,,replay_1260.jpeg
REPLAY/Samsung Galaxy J3 by Honor 8A/replay_1261.jpeg,,,replay_1261.jpeg
REPLAY/Samsung Galaxy J3 by Honor 8A/replay_1262.jpeg,,,replay_1262.jpeg
REPLAY/Samsung Galaxy J3 by Honor 8A/replay_1263.jpeg,,,replay_1263.jpeg
REPLAY/Samsung Galaxy J3 by Honor 8A/replay_1264.jpeg,,,replay_1264.jpeg
REPLAY/Samsung Galaxy J3 by Honor 8A/replay_1265.jpeg,,,replay_1265.jpeg
REPLAY/Samsung Galaxy J3 by Honor 8A/replay_1266.jpeg,,,replay_1266.jpeg
REPLAY/Samsung Galaxy J3 by Honor 8A/replay_1267.jpeg,,,replay_1267.jpeg
REPLAY/Samsung Galaxy J3 by Honor 8A/replay_1268.jpeg,,,replay_1268.jpeg
REPLAY/Samsung Galaxy J3 by Honor 8A/replay_1269.jpeg,,,replay_1269.jpeg
REPLAY/Samsung Galaxy J3 by Honor 8A/replay_1270.jpeg,,,replay_1270.jpeg
REPLAY/Samsung Galaxy J3 by Honor 8A/replay_1271.jpeg,,,replay_1271.jpeg
REPLAY/Samsung Galaxy J3 by Honor 8A/replay_1272.jpeg,,,replay_1272.jpeg
REPLAY/Samsung Galaxy J3 by Honor 8A/replay_1273.jpeg,,,replay_1273.jpeg
REPLAY/Samsung Galaxy J3 by Honor 8A/replay_1274.jpeg,,,replay_1274.jpeg
REPLAY/Samsung Galaxy J3 by Honor 8A/replay_1275.jpeg,,,replay_1275.jpeg
REPLAY/Samsung Galaxy J3 by Honor 8A/replay_1276.jpeg,,,replay_1276.jpeg
REPLAY/Samsung Galaxy J3 by Honor 8A/replay_1277.jpeg,,,replay_1277.jpeg
REPLAY/Samsung Galaxy J3 by Honor 8A/replay_1278.jpeg,,,replay_1278.jpeg
REPLAY/Samsung Galaxy J3 by Honor 8A/replay_1279.jpeg,,,replay_1279.jpeg
REPLAY/Samsung Galaxy J3 by Honor 8A/replay_1280.jpeg,,,replay_1280.jpeg
REPLAY/Samsung Galaxy J3 by Honor 8A/replay_1281.jpeg,,,replay_1281.jpeg
REPLAY/Samsung Galaxy J3 by Honor 8A/replay_1282.jpeg,,,replay_1282.jpeg
REPLAY/Samsung Galaxy J3 by Honor 8A/replay_1283.jpeg,,,replay_1283.jpeg
REPLAY/Samsung Galaxy J3 by Honor 8A/replay_1284.jpeg,,,replay_1284.jpeg
REPLAY/Samsung Galaxy J3 by Honor 8A/replay_1285.jpeg,,,replay_1285.jpeg
REPLAY/Samsung Galaxy J3 by Honor 8A/replay_1286.jpeg,,,replay_1286.jpeg
REPLAY/Samsung Galaxy J3 by Honor 8A/replay_1287.jpeg,,,replay_1287.jpeg
REPLAY/Samsung Galaxy J3 by Honor 8A/replay_1288.jpeg,,,replay_1288.jpeg
REPLAY/Samsung Galaxy J3 by Honor 8A/replay_1289.jpeg,,,replay_1289.jpeg
REPLAY/Samsung Galaxy J3 by Honor 8A/replay_1290.jpeg,,,replay_1290.jpeg
REPLAY/Samsung Galaxy J3 by Honor 8A/replay_1291.jpeg,,,replay_1291.jpeg
REPLAY/Samsung Galaxy J3 by Honor 8A/replay_1292.jpeg,,,replay_1292.jpeg
REPLAY/Samsung Galaxy J3 by Honor 8A/replay_1293.jpeg,,,replay_1293.jpeg
REPLAY/Samsung Galaxy J3 by Honor 8A/replay_1294.jpeg,,,replay_1294.jpeg
REPLAY/Samsung Galaxy J3 by Honor 8A/replay_1295.jpeg,,,replay_1295.jpeg
REPLAY/Samsung Galaxy J3 by Honor 8A/replay_1296.jpeg,,,replay_1296.jpeg
REPLAY/Samsung Galaxy J3 by Honor 8A/replay_1297.jpeg,,,replay_1297.jpeg
REPLAY/Samsung Galaxy J3 by Honor 8A/replay_1298.jpeg,,,replay_1298.jpeg
REPLAY/Samsung Galaxy J3 by Honor 8A/replay_1299.jpeg,,,replay_1299.jpeg
REPLAY/Samsung Galaxy J3 by Honor 8A/replay_1300.jpeg,,,replay_1300.jpeg
REPLAY/Samsung Galaxy J3 by Honor 8A/replay_1301.jpeg,,,replay_1301.jpeg
