path,box,environment,fingers_presence
replay_0921.jpeg,"{""label"": ""receipt"", ""shape_type"": ""polygon"", ""points"": [[258.06, 266.32], [576.0, 324.13], [584.26, 887.74], [243.61, 900.13]], ""image_width"": 960, ""image_height"": 1280}",outdoor,without_fingers
replay_0922.jpeg,"{""label"": ""receipt"", ""shape_type"": ""polygon"", ""points"": [[313.81, 328.26], [666.84, 388.13], [679.23, 1034.32], [301.42, 1030.19]], ""image_width"": 960, ""image_height"": 1280}",outdoor,fingers
replay_0923.jpeg,"{""label"": ""receipt"", ""shape_type"": ""polygon"", ""points"": [[202.32, 307.61], [664.77, 301.42], [613.16, 1030.19], [179.61, 995.1]], ""image_width"": 960, ""image_height"": 1280}",outdoor,fingers
replay_0924.jpeg,"{""label"": ""receipt"", ""shape_type"": ""polygon"", ""points"": [[380.72, 173.95], [1114.26, 297.03], [1038.77, 766.36], [282.26, 656.41]], ""image_width"": 1280, ""image_height"": 960}",indoor,without_fingers
replay_0925.jpeg,"{""label"": ""receipt"", ""shape_type"": ""polygon"", ""points"": [[280.77, 270.45], [631.74, 365.42], [716.39, 1185.03], [286.97, 1195.35]], ""image_width"": 960, ""image_height"": 1280}",outdoor,fingers
replay_0926.jpeg,"{""label"": ""receipt"", ""shape_type"": ""polygon"", ""points"": [[289.03, 146.58], [809.29, 189.94], [770.06, 1149.94], [266.32, 1135.48]], ""image_width"": 960, ""image_height"": 1280}",indoor,fingers
replay_0927.jpeg,"{""label"": ""receipt"", ""shape_type"": ""polygon"", ""points"": [[204.39, 408.77], [654.45, 286.97], [815.48, 1071.48], [297.29, 1127.23]], ""image_width"": 960, ""image_height"": 1280}",indoor,without_fingers
replay_0928.jpeg,"{""label"": ""receipt"", ""shape_type"": ""polygon"", ""points"": [[187.87, 433.55], [681.29, 406.71], [704.0, 1019.87], [233.29, 1032.26]], ""image_width"": 960, ""image_height"": 1280}",indoor,without_fingers
replay_0929.jpeg,"{""label"": ""receipt"", ""shape_type"": ""polygon"", ""points"": [[245.68, 328.26], [720.52, 303.48], [755.61, 947.61], [309.68, 1017.81]], ""image_width"": 960, ""image_height"": 1280}",indoor,without_fingers
replay_0930.jpeg,"{""label"": ""receipt"", ""shape_type"": ""polygon"", ""points"": [[229.16, 353.03], [631.74, 421.16], [648.26, 1026.06], [262.19, 1017.81]], ""image_width"": 960, ""image_height"": 1280}",indoor,without_fingers
replay_0931.jpeg,"{""label"": ""receipt"", ""shape_type"": ""polygon"", ""points"": [[313.81, 278.71], [873.29, 245.68], [807.23, 1168.52], [282.84, 1036.39]], ""image_width"": 960, ""image_height"": 1280}",indoor,fingers
replay_0932.jpeg,"{""label"": ""receipt"", ""shape_type"": ""polygon"", ""points"": [[100.1, 311.79], [1058.46, 216.62], [1135.59, 633.44], [229.74, 746.67]], ""image_width"": 1280, ""image_height"": 960}",indoor,without_fingers
replay_0933.jpeg,"{""label"": ""receipt"", ""shape_type"": ""polygon"", ""points"": [[247.79, 164.1], [1069.95, 154.26], [1046.97, 748.31], [256.0, 736.82]], ""image_width"": 1280, ""image_height"": 960}",indoor,fingers
replay_0934.jpeg,"{""label"": ""receipt"", ""shape_type"": ""polygon"", ""points"": [[303.48, 154.84], [854.71, 270.45], [724.65, 1127.23], [99.1, 1003.35]], ""image_width"": 960, ""image_height"": 1280}",indoor,without_fingers
replay_0935.jpeg,"{""label"": ""receipt"", ""shape_type"": ""polygon"", ""points"": [[262.19, 450.06], [778.32, 371.61], [825.81, 1085.94], [276.65, 1044.65]], ""image_width"": 960, ""image_height"": 1280}",outdoor,fingers
replay_0936.jpeg,"{""label"": ""receipt"", ""shape_type"": ""polygon"", ""points"": [[161.03, 282.84], [846.45, 278.71], [881.55, 966.19], [247.74, 1013.68]], ""image_width"": 960, ""image_height"": 1280}",indoor,fingers
replay_0937.jpeg,"{""label"": ""receipt"", ""shape_type"": ""polygon"", ""points"": [[214.71, 324.13], [813.42, 301.42], [829.94, 1166.45], [260.13, 1108.65]], ""image_width"": 960, ""image_height"": 1280}",outdoor,fingers
replay_0938.jpeg,"{""label"": ""receipt"", ""shape_type"": ""polygon"", ""points"": [[225.03, 425.29], [749.42, 381.94], [823.74, 1133.42], [301.42, 1131.35]], ""image_width"": 960, ""image_height"": 1280}",outdoor,without_fingers
replay_0939.jpeg,"{""label"": ""receipt"", ""shape_type"": ""polygon"", ""points"": [[384.0, 227.1], [858.84, 251.87], [842.32, 1160.26], [320.0, 1065.29]], ""image_width"": 960, ""image_height"": 1280}",indoor,fingers
replay_0940.jpeg,"{""label"": ""receipt"", ""shape_type"": ""polygon"", ""points"": [[241.55, 365.42], [759.74, 373.68], [759.74, 1096.26], [272.52, 1040.52]], ""image_width"": 960, ""image_height"": 1280}",outdoor,fingers
replay_0941.jpeg,"{""label"": ""receipt"", ""shape_type"": ""polygon"", ""points"": [[156.9, 429.42], [679.23, 381.94], [757.68, 1116.9], [266.32, 1123.1]], ""image_width"": 960, ""image_height"": 1280}",outdoor,without_fingers
replay_0942.jpeg,"{""label"": ""receipt"", ""shape_type"": ""polygon"", ""points"": [[163.1, 206.45], [673.03, 309.68], [670.97, 1244.9], [251.87, 1164.39]], ""image_width"": 960, ""image_height"": 1280}",outdoor,fingers
replay_0943.jpeg,"{""label"": ""receipt"", ""shape_type"": ""polygon"", ""points"": [[264.26, 272.52], [720.52, 398.45], [658.58, 1032.26], [212.65, 1021.94]], ""image_width"": 960, ""image_height"": 1280}",outdoor,fingers
replay_0944.jpeg,"{""label"": ""receipt"", ""shape_type"": ""polygon"", ""points"": [[212.65, 94.97], [704.0, 33.03], [675.1, 1234.58], [192.0, 1172.65]], ""image_width"": 960, ""image_height"": 1280}",outdoor,fingers
replay_0945.jpeg,"{""label"": ""receipt"", ""shape_type"": ""polygon"", ""points"": [[313.81, 282.84], [815.48, 200.26], [765.94, 1032.26], [332.39, 988.9]], ""image_width"": 960, ""image_height"": 1280}",outdoor,fingers
replay_0946.jpeg,"{""label"": ""receipt"", ""shape_type"": ""polygon"", ""points"": [[161.03, 452.13], [739.1, 464.52], [695.74, 1079.74], [227.1, 1042.58]], ""image_width"": 960, ""image_height"": 1280}",outdoor,fingers
replay_0947.jpeg,"{""label"": ""receipt"", ""shape_type"": ""polygon"", ""points"": [[253.94, 458.32], [654.45, 404.65], [734.97, 931.1], [311.74, 988.9]], ""image_width"": 960, ""image_height"": 1280}",outdoor,without_fingers
replay_0948.jpeg,"{""label"": ""receipt"", ""shape_type"": ""polygon"", ""points"": [[163.1, 462.45], [739.1, 350.97], [763.87, 1052.9], [280.77, 1040.52]], ""image_width"": 960, ""image_height"": 1280}",indoor,fingers
replay_0949.jpeg,"{""label"": ""receipt"", ""shape_type"": ""polygon"", ""points"": [[194.06, 235.35], [829.94, 243.61], [708.13, 1046.71], [239.48, 1024.0]], ""image_width"": 960, ""image_height"": 1280}",indoor,fingers
replay_0950.jpeg,"{""label"": ""receipt"", ""shape_type"": ""polygon"", ""points"": [[183.74, 443.87], [747.35, 336.52], [774.19, 1054.97], [293.16, 1036.39]], ""image_width"": 960, ""image_height"": 1280}",indoor,fingers
replay_0951.jpeg,"{""label"": ""receipt"", ""shape_type"": ""polygon"", ""points"": [[128.0, 375.74], [796.9, 363.35], [867.1, 1081.81], [241.55, 1116.9]], ""image_width"": 960, ""image_height"": 1280}",outdoor,fingers
replay_0952.jpeg,"{""label"": ""receipt"", ""shape_type"": ""polygon"", ""points"": [[97.03, 569.81], [722.58, 414.97], [862.97, 1011.61], [330.32, 1182.97]], ""image_width"": 960, ""image_height"": 1280}",outdoor,fingers
replay_0953.jpeg,"{""label"": ""receipt"", ""shape_type"": ""polygon"", ""points"": [[68.13, 355.1], [652.39, 326.19], [726.71, 1009.55], [171.35, 1065.29]], ""image_width"": 960, ""image_height"": 1280}",outdoor,fingers
replay_0954.jpeg,"{""label"": ""receipt"", ""shape_type"": ""polygon"", ""points"": [[84.65, 348.9], [770.06, 344.77], [842.32, 1083.87], [220.9, 1096.26]], ""image_width"": 960, ""image_height"": 1280}",outdoor,fingers
replay_0955.jpeg,"{""label"": ""receipt"", ""shape_type"": ""polygon"", ""points"": [[326.19, 286.97], [811.35, 377.81], [823.74, 1118.97], [338.58, 1125.16]], ""image_width"": 960, ""image_height"": 1280}",outdoor,fingers
replay_0956.jpeg,"{""label"": ""receipt"", ""shape_type"": ""polygon"", ""points"": [[183.79, 203.49], [1037.13, 214.97], [984.62, 736.82], [188.72, 697.44]], ""image_width"": 1280, ""image_height"": 960}",outdoor,without_fingers
replay_0957.jpeg,"{""label"": ""receipt"", ""shape_type"": ""polygon"", ""points"": [[206.45, 295.23], [757.68, 346.84], [718.45, 995.1], [150.71, 887.74]], ""image_width"": 960, ""image_height"": 1280}",outdoor,fingers
replay_0958.jpeg,"{""label"": ""receipt"", ""shape_type"": ""polygon"", ""points"": [[355.1, 355.1], [706.06, 439.74], [704.0, 1019.87], [315.87, 1017.81]], ""image_width"": 960, ""image_height"": 1280}",outdoor,without_fingers
replay_0959.jpeg,"{""label"": ""receipt"", ""shape_type"": ""polygon"", ""points"": [[258.06, 342.71], [706.06, 322.06], [720.52, 1005.42], [291.1, 1048.77]], ""image_width"": 960, ""image_height"": 1280}",outdoor,fingers
replay_0960.jpeg,"{""label"": ""receipt"", ""shape_type"": ""polygon"", ""points"": [[212.65, 214.71], [811.35, 198.19], [749.42, 1098.32], [235.35, 1001.29]], ""image_width"": 960, ""image_height"": 1280}",outdoor,fingers
replay_0961.jpeg,"{""label"": ""receipt"", ""shape_type"": ""polygon"", ""points"": [[229.16, 227.1], [825.81, 235.35], [807.23, 993.03], [239.48, 1046.71]], ""image_width"": 960, ""image_height"": 1280}",outdoor,fingers
replay_0962.jpeg,"{""label"": ""receipt"", ""shape_type"": ""polygon"", ""points"": [[237.42, 317.94], [858.84, 286.97], [832.0, 1096.26], [270.45, 1090.06]], ""image_width"": 960, ""image_height"": 1280}",indoor,fingers
replay_0963.jpeg,"{""label"": ""receipt"", ""shape_type"": ""polygon"", ""points"": [[75.49, 249.44], [938.67, 126.36], [1055.18, 736.82], [123.08, 779.49]], ""image_width"": 1280, ""image_height"": 960}",outdoor,without_fingers
replay_0964.jpeg,"{""label"": ""receipt"", ""shape_type"": ""polygon"", ""points"": [[270.77, 244.51], [1012.51, 60.72], [1094.56, 600.62], [339.69, 651.49]], ""image_width"": 1280, ""image_height"": 960}",outdoor,fingers
replay_0965.jpeg,"{""label"": ""receipt"", ""shape_type"": ""polygon"", ""points"": [[274.05, 185.44], [902.56, 160.82], [923.9, 603.9], [287.18, 631.79]], ""image_width"": 1280, ""image_height"": 960}",indoor,without_fingers
replay_0966.jpeg,"{""label"": ""receipt"", ""shape_type"": ""polygon"", ""points"": [[425.03, 123.08], [1076.51, 124.72], [969.85, 602.26], [428.31, 553.03]], ""image_width"": 1280, ""image_height"": 960}",indoor,fingers
replay_0967.jpeg,"{""label"": ""receipt"", ""shape_type"": ""polygon"", ""points"": [[218.26, 126.36], [1083.08, 136.21], [1025.64, 735.18], [252.72, 735.18]], ""image_width"": 1280, ""image_height"": 960}",indoor,fingers
replay_0968.jpeg,"{""label"": ""receipt"", ""shape_type"": ""polygon"", ""points"": [[249.81, 280.77], [768.0, 284.9], [829.94, 960.0], [299.35, 916.65]], ""image_width"": 960, ""image_height"": 1280}",indoor,without_fingers
replay_0969.jpeg,"{""label"": ""receipt"", ""shape_type"": ""polygon"", ""points"": [[293.16, 404.65], [792.77, 371.61], [726.71, 1040.52], [289.03, 1036.39]], ""image_width"": 960, ""image_height"": 1280}",indoor,fingers
replay_0970.jpeg,"{""label"": ""receipt"", ""shape_type"": ""polygon"", ""points"": [[173.42, 140.39], [782.45, 132.13], [842.32, 1032.26], [200.26, 1038.45]], ""image_width"": 960, ""image_height"": 1280}",indoor,without_fingers
replay_0971.jpeg,"{""label"": ""receipt"", ""shape_type"": ""polygon"", ""points"": [[196.13, 460.39], [689.55, 359.23], [763.87, 993.03], [315.87, 1019.87]], ""image_width"": 960, ""image_height"": 1280}",indoor,without_fingers
replay_0972.jpeg,"{""label"": ""receipt"", ""shape_type"": ""polygon"", ""points"": [[218.84, 456.26], [675.1, 445.94], [683.35, 1061.16], [239.48, 1050.84]], ""image_width"": 960, ""image_height"": 1280}",indoor,without_fingers
replay_0973.jpeg,"{""label"": ""receipt"", ""shape_type"": ""polygon"", ""points"": [[66.06, 429.42], [708.13, 394.32], [644.13, 1079.74], [163.1, 1108.65]], ""image_width"": 960, ""image_height"": 1280}",indoor,fingers
replay_0974.jpeg,"{""label"": ""receipt"", ""shape_type"": ""polygon"", ""points"": [[245.68, 483.1], [776.26, 433.55], [768.0, 906.32], [282.84, 933.16]], ""image_width"": 960, ""image_height"": 1280}",indoor,fingers
replay_0975.jpeg,"{""label"": ""receipt"", ""shape_type"": ""polygon"", ""points"": [[328.21, 224.82], [1179.9, 124.72], [1184.82, 692.51], [444.72, 720.41]], ""image_width"": 1280, ""image_height"": 960}",indoor,fingers
replay_0976.jpeg,"{""label"": ""receipt"", ""shape_type"": ""polygon"", ""points"": [[204.39, 322.06], [712.26, 326.19], [718.45, 1075.61], [218.84, 1059.1]], ""image_width"": 960, ""image_height"": 1280}",indoor,without_fingers
replay_0977.jpeg,"{""label"": ""receipt"", ""shape_type"": ""polygon"", ""points"": [[243.61, 328.26], [753.55, 297.29], [650.32, 1015.74], [237.42, 929.03]], ""image_width"": 960, ""image_height"": 1280}",indoor,
replay_0978.jpeg,"{""label"": ""receipt"", ""shape_type"": ""polygon"", ""points"": [[171.35, 293.16], [689.55, 208.52], [693.68, 910.45], [270.45, 904.26]], ""image_width"": 960, ""image_height"": 1280}",indoor,fingers
replay_0979.jpeg,"{""label"": ""receipt"", ""shape_type"": ""polygon"", ""points"": [[365.42, 251.87], [891.87, 320.0], [714.32, 1021.94], [270.45, 993.03]], ""image_width"": 960, ""image_height"": 1280}",indoor,fingers
replay_0980.jpeg,"{""label"": ""receipt"", ""shape_type"": ""polygon"", ""points"": [[289.03, 276.65], [792.77, 280.77], [805.16, 1059.1], [299.35, 1059.1]], ""image_width"": 960, ""image_height"": 1280}",indoor,without_fingers
replay_0981.jpeg,"{""label"": ""receipt"", ""shape_type"": ""polygon"", ""points"": [[330.32, 348.9], [801.03, 456.26], [631.74, 1071.48], [225.03, 966.19]], ""image_width"": 960, ""image_height"": 1280}",,
replay_0982.jpeg,"{""label"": ""receipt"", ""shape_type"": ""polygon"", ""points"": [[365.42, 359.23], [737.03, 367.48], [668.9, 1017.81], [253.94, 900.13]], ""image_width"": 960, ""image_height"": 1280}",indoor,without_fingers
replay_0983.jpeg,"{""label"": ""receipt"", ""shape_type"": ""polygon"", ""points"": [[208.52, 187.87], [854.71, 251.87], [693.68, 1203.61], [136.26, 1061.16]], ""image_width"": 960, ""image_height"": 1280}",indoor,without_fingers
replay_0984.jpeg,"{""label"": ""receipt"", ""shape_type"": ""polygon"", ""points"": [[179.61, 249.81], [695.74, 247.74], [679.23, 1069.42], [202.32, 1021.94]], ""image_width"": 960, ""image_height"": 1280}",indoor,fingers
replay_0985.jpeg,"{""label"": ""receipt"", ""shape_type"": ""polygon"", ""points"": [[256.0, 119.79], [1184.82, 208.41], [1142.15, 738.46], [236.31, 648.21]], ""image_width"": 1280, ""image_height"": 960}",indoor,without_fingers
replay_0986.jpeg,"{""label"": ""receipt"", ""shape_type"": ""polygon"", ""points"": [[270.45, 282.84], [786.58, 247.74], [753.55, 984.77], [241.55, 951.74]], ""image_width"": 960, ""image_height"": 1280}",indoor,fingers
replay_0987.jpeg,"{""label"": ""receipt"", ""shape_type"": ""polygon"", ""points"": [[287.18, 264.21], [943.59, 316.72], [904.21, 651.49], [265.85, 659.69]], ""image_width"": 1280, ""image_height"": 960}",indoor,without_fingers
replay_0988.jpeg,"{""label"": ""receipt"", ""shape_type"": ""polygon"", ""points"": [[390.19, 342.71], [834.06, 342.71], [770.06, 1067.35], [249.81, 988.9]], ""image_width"": 960, ""image_height"": 1280}",indoor,without_fingers
replay_0989.jpeg,"{""label"": ""receipt"", ""shape_type"": ""polygon"", ""points"": [[173.42, 332.39], [683.35, 291.1], [673.03, 1135.48], [220.9, 1162.32]], ""image_width"": 960, ""image_height"": 1280}",indoor,fingers
replay_0990.jpeg,"{""label"": ""receipt"", ""shape_type"": ""polygon"", ""points"": [[332.39, 485.16], [794.84, 450.06], [708.13, 1135.48], [262.19, 1098.32]], ""image_width"": 960, ""image_height"": 1280}",indoor,fingers
replay_0991.jpeg,"{""label"": ""receipt"", ""shape_type"": ""polygon"", ""points"": [[228.1, 226.46], [1155.28, 247.79], [1086.36, 726.97], [219.9, 717.13]], ""image_width"": 1280, ""image_height"": 960}",indoor,without_fingers
replay_0992.jpeg,"{""label"": ""receipt"", ""shape_type"": ""polygon"", ""points"": [[235.35, 266.32], [755.61, 243.61], [749.42, 1071.48], [251.87, 1059.1]], ""image_width"": 960, ""image_height"": 1280}",outdoor,fingers
replay_0993.jpeg,"{""label"": ""receipt"", ""shape_type"": ""polygon"", ""points"": [[235.35, 414.97], [598.71, 367.48], [625.55, 1021.94], [227.1, 972.39]], ""image_width"": 960, ""image_height"": 1280}",outdoor,fingers
replay_0994.jpeg,"{""label"": ""receipt"", ""shape_type"": ""polygon"", ""points"": [[208.52, 326.19], [631.74, 297.29], [633.81, 988.9], [214.71, 933.16]], ""image_width"": 960, ""image_height"": 1280}",outdoor,fingers
replay_0995.jpeg,"{""label"": ""receipt"", ""shape_type"": ""polygon"", ""points"": [[245.68, 258.06], [737.03, 229.16], [718.45, 1001.29], [295.23, 984.77]], ""image_width"": 960, ""image_height"": 1280}",outdoor,fingers
replay_0996.jpeg,"{""label"": ""receipt"", ""shape_type"": ""polygon"", ""points"": [[336.52, 398.45], [761.81, 414.97], [732.9, 1048.77], [311.74, 1013.68]], ""image_width"": 960, ""image_height"": 1280}",outdoor,fingers
replay_0997.jpeg,"{""label"": ""receipt"", ""shape_type"": ""polygon"", ""points"": [[136.26, 229.16], [629.68, 187.87], [646.19, 1021.94], [179.61, 1030.19]], ""image_width"": 960, ""image_height"": 1280}",outdoor,fingers
replay_0998.jpeg,"{""label"": ""receipt"", ""shape_type"": ""polygon"", ""points"": [[156.9, 334.45], [571.87, 305.55], [604.9, 887.74], [253.94, 887.74]], ""image_width"": 960, ""image_height"": 1280}",outdoor,fingers
replay_0999.jpeg,"{""label"": ""receipt"", ""shape_type"": ""polygon"", ""points"": [[369.55, 458.32], [697.81, 495.48], [635.87, 1007.48], [348.9, 995.1]], ""image_width"": 960, ""image_height"": 1280}",outdoor,without_fingers
replay_1000.jpeg,"{""label"": ""receipt"", ""shape_type"": ""polygon"", ""points"": [[350.97, 313.81], [786.58, 307.61], [778.32, 1085.94], [346.84, 1071.48]], ""image_width"": 960, ""image_height"": 1280}",outdoor,fingers
replay_1001.jpeg,"{""label"": ""receipt"", ""shape_type"": ""polygon"", ""points"": [[278.71, 431.48], [619.35, 429.42], [648.26, 999.23], [332.39, 1015.74]], ""image_width"": 960, ""image_height"": 1280}",outdoor,without_fingers
replay_1002.jpeg,"{""label"": ""receipt"", ""shape_type"": ""polygon"", ""points"": [[173.42, 398.45], [588.39, 334.45], [670.97, 1096.26], [291.1, 1114.84]], ""image_width"": 960, ""image_height"": 1280}",indoor,without_fingers
replay_1003.jpeg,"{""label"": ""receipt"", ""shape_type"": ""polygon"", ""points"": [[161.03, 136.26], [648.26, 76.39], [805.16, 986.84], [384.0, 1063.23]], ""image_width"": 960, ""image_height"": 1280}",indoor,without_fingers
replay_1004.jpeg,"{""label"": ""receipt"", ""shape_type"": ""polygon"", ""points"": [[289.03, 576.0], [706.06, 526.45], [819.61, 1112.77], [359.23, 1143.74]], ""image_width"": 960, ""image_height"": 1280}",indoor,without_fingers
replay_1005.jpeg,"{""label"": ""receipt"", ""shape_type"": ""polygon"", ""points"": [[262.56, 246.15], [981.33, 308.51], [922.26, 713.85], [265.85, 685.95]], ""image_width"": 1280, ""image_height"": 960}",outdoor,fingers
replay_1006.jpeg,"{""label"": ""receipt"", ""shape_type"": ""polygon"", ""points"": [[291.1, 295.23], [724.65, 301.42], [697.81, 916.65], [284.9, 862.97]], ""image_width"": 960, ""image_height"": 1280}",outdoor,without_fingers
replay_1007.jpeg,"{""label"": ""receipt"", ""shape_type"": ""polygon"", ""points"": [[132.92, 182.15], [1028.92, 182.15], [1032.21, 741.74], [154.26, 715.49]], ""image_width"": 1280, ""image_height"": 960}",outdoor,without_fingers
replay_1008.jpeg,"{""label"": ""receipt"", ""shape_type"": ""polygon"", ""points"": [[222.97, 289.03], [685.42, 307.61], [621.42, 933.16], [220.9, 883.61]], ""image_width"": 960, ""image_height"": 1280}",outdoor,without_fingers
replay_1009.jpeg,"{""label"": ""receipt"", ""shape_type"": ""polygon"", ""points"": [[198.19, 286.97], [801.03, 315.87], [716.39, 914.58], [258.06, 926.97]], ""image_width"": 960, ""image_height"": 1280}",outdoor,fingers
replay_1010.jpeg,"{""label"": ""receipt"", ""shape_type"": ""polygon"", ""points"": [[86.71, 158.97], [751.48, 138.32], [670.97, 1005.42], [158.97, 982.71]], ""image_width"": 960, ""image_height"": 1280}",outdoor,fingers
replay_1011.jpeg,"{""label"": ""receipt"", ""shape_type"": ""polygon"", ""points"": [[214.97, 90.26], [1066.67, 219.9], [1076.51, 704.0], [147.69, 681.03]], ""image_width"": 1280, ""image_height"": 960}",outdoor,without_fingers
replay_1012.jpeg,"{""label"": ""receipt"", ""shape_type"": ""polygon"", ""points"": [[204.39, 249.81], [712.26, 243.61], [656.52, 1042.58], [194.06, 1030.19]], ""image_width"": 960, ""image_height"": 1280}",outdoor,without_fingers
replay_1013.jpeg,"{""label"": ""receipt"", ""shape_type"": ""polygon"", ""points"": [[206.45, 336.52], [675.1, 346.84], [673.03, 1104.52], [266.32, 1143.74]], ""image_width"": 960, ""image_height"": 1280}",outdoor,without_fingers
replay_1014.jpeg,"{""label"": ""receipt"", ""shape_type"": ""polygon"", ""points"": [[119.79, 132.92], [1066.67, 124.72], [1063.38, 649.85], [118.15, 700.72]], ""image_width"": 1280, ""image_height"": 960}",outdoor,without_fingers
replay_1015.jpeg,"{""label"": ""receipt"", ""shape_type"": ""polygon"", ""points"": [[194.06, 377.81], [625.55, 293.16], [716.39, 999.23], [286.97, 1038.45]], ""image_width"": 960, ""image_height"": 1280}",outdoor,without_fingers
replay_1016.jpeg,"{""label"": ""receipt"", ""shape_type"": ""polygon"", ""points"": [[257.64, 267.49], [932.1, 242.87], [951.79, 651.49], [293.74, 689.23]], ""image_width"": 1280, ""image_height"": 960}",outdoor,without_fingers
replay_1017.jpeg,"{""label"": ""receipt"", ""shape_type"": ""polygon"", ""points"": [[187.87, 264.26], [625.55, 272.52], [666.84, 951.74], [235.35, 993.03]], ""image_width"": 960, ""image_height"": 1280}",outdoor,without_fingers
replay_1018.jpeg,"{""label"": ""receipt"", ""shape_type"": ""polygon"", ""points"": [[165.16, 278.71], [862.97, 328.26], [811.35, 1067.35], [253.94, 1106.58]], ""image_width"": 960, ""image_height"": 1280}",outdoor,fingers
replay_1019.jpeg,"{""label"": ""receipt"", ""shape_type"": ""polygon"", ""points"": [[278.71, 419.1], [726.71, 344.77], [761.81, 1017.81], [309.68, 1001.29]], ""image_width"": 960, ""image_height"": 1280}",outdoor,fingers
replay_1020.jpeg,"{""label"": ""receipt"", ""shape_type"": ""polygon"", ""points"": [[173.42, 192.0], [755.61, 26.84], [860.9, 1108.65], [220.9, 1069.42]], ""image_width"": 960, ""image_height"": 1280}",outdoor,fingers
replay_1021.jpeg,"{""label"": ""receipt"", ""shape_type"": ""polygon"", ""points"": [[274.58, 274.58], [881.55, 227.1], [827.87, 1059.1], [270.45, 1009.55]], ""image_width"": 960, ""image_height"": 1280}",indoor,fingers
replay_1022.jpeg,"{""label"": ""receipt"", ""shape_type"": ""polygon"", ""points"": [[313.81, 501.68], [809.29, 499.61], [803.1, 776.26], [301.42, 761.81]], ""image_width"": 960, ""image_height"": 1280}",outdoor,without_fingers
replay_1023.jpeg,"{""label"": ""receipt"", ""shape_type"": ""polygon"", ""points"": [[181.68, 375.74], [712.26, 272.52], [790.71, 1193.29], [282.84, 1246.97]], ""image_width"": 960, ""image_height"": 1280}",outdoor,fingers
replay_1024.jpeg,"{""label"": ""receipt"", ""shape_type"": ""polygon"", ""points"": [[357.16, 450.06], [704.0, 493.42], [708.13, 1019.87], [332.39, 1005.42]], ""image_width"": 960, ""image_height"": 1280}",outdoor,fingers
replay_1025.jpeg,"{""label"": ""receipt"", ""shape_type"": ""polygon"", ""points"": [[222.97, 231.23], [780.39, 251.87], [776.26, 945.55], [289.03, 943.48]], ""image_width"": 960, ""image_height"": 1280}",indoor,fingers
replay_1026.jpeg,"{""label"": ""receipt"", ""shape_type"": ""polygon"", ""points"": [[181.68, 396.39], [681.29, 423.23], [652.39, 1244.9], [239.48, 1222.19]], ""image_width"": 960, ""image_height"": 1280}",outdoor,fingers
replay_1027.jpeg,"{""label"": ""receipt"", ""shape_type"": ""polygon"", ""points"": [[282.84, 173.42], [753.55, 136.26], [712.26, 986.84], [295.23, 972.39]], ""image_width"": 960, ""image_height"": 1280}",outdoor,fingers
replay_1028.jpeg,"{""label"": ""receipt"", ""shape_type"": ""polygon"", ""points"": [[355.1, 286.97], [883.61, 272.52], [848.52, 1009.55], [330.32, 939.35]], ""image_width"": 960, ""image_height"": 1280}",indoor,fingers
replay_1029.jpeg,"{""label"": ""receipt"", ""shape_type"": ""polygon"", ""points"": [[218.84, 390.19], [679.23, 324.13], [646.19, 1028.13], [200.26, 1042.58]], ""image_width"": 960, ""image_height"": 1280}",outdoor,fingers
replay_1030.jpeg,"{""label"": ""receipt"", ""shape_type"": ""polygon"", ""points"": [[384.0, 414.97], [737.03, 404.65], [774.19, 955.87], [404.65, 918.71]], ""image_width"": 960, ""image_height"": 1280}",outdoor,fingers
replay_1031.jpeg,"{""label"": ""receipt"", ""shape_type"": ""polygon"", ""points"": [[262.19, 386.06], [623.48, 390.19], [611.1, 844.39], [264.26, 850.58]], ""image_width"": 960, ""image_height"": 1280}",outdoor,fingers
replay_1032.jpeg,"{""label"": ""receipt"", ""shape_type"": ""polygon"", ""points"": [[334.45, 156.9], [786.58, 189.94], [716.39, 896.0], [324.13, 887.74]], ""image_width"": 960, ""image_height"": 1280}",outdoor,fingers
replay_1033.jpeg,"{""label"": ""receipt"", ""shape_type"": ""polygon"", ""points"": [[260.13, 276.65], [722.58, 231.23], [747.35, 1011.61], [295.23, 1088.0]], ""image_width"": 960, ""image_height"": 1280}",outdoor,fingers
replay_1034.jpeg,"{""label"": ""receipt"", ""shape_type"": ""polygon"", ""points"": [[105.29, 334.45], [704.0, 342.71], [668.9, 1152.0], [117.68, 1156.13]], ""image_width"": 960, ""image_height"": 1280}",outdoor,fingers
replay_1035.jpeg,"{""label"": ""receipt"", ""shape_type"": ""polygon"", ""points"": [[159.18, 233.03], [1186.46, 24.62], [1038.77, 635.08], [136.21, 689.23]], ""image_width"": 1280, ""image_height"": 960}",outdoor,fingers
replay_1036.jpeg,"{""label"": ""receipt"", ""shape_type"": ""polygon"", ""points"": [[332.39, 251.87], [867.1, 237.42], [815.48, 1100.39], [311.74, 1050.84]], ""image_width"": 960, ""image_height"": 1280}",outdoor,fingers
replay_1037.jpeg,"{""label"": ""receipt"", ""shape_type"": ""polygon"", ""points"": [[198.19, 92.9], [689.55, 214.71], [547.1, 990.97], [179.61, 929.03]], ""image_width"": 960, ""image_height"": 1280}",outdoor,fingers
replay_1038.jpeg,"{""label"": ""receipt"", ""shape_type"": ""polygon"", ""points"": [[355.1, 359.23], [912.52, 359.23], [778.32, 1083.87], [274.58, 1005.42]], ""image_width"": 960, ""image_height"": 1280}",outdoor,fingers
replay_1039.jpeg,"{""label"": ""receipt"", ""shape_type"": ""polygon"", ""points"": [[189.94, 284.9], [788.65, 256.0], [751.48, 978.58], [274.58, 988.9]], ""image_width"": 960, ""image_height"": 1280}",indoor,fingers
replay_1040.jpeg,"{""label"": ""receipt"", ""shape_type"": ""polygon"", ""points"": [[291.1, 225.03], [842.32, 169.29], [819.61, 1090.06], [320.0, 1071.48]], ""image_width"": 960, ""image_height"": 1280}",indoor,fingers
replay_1041.jpeg,"{""label"": ""receipt"", ""shape_type"": ""polygon"", ""points"": [[328.26, 396.39], [578.06, 394.32], [596.65, 809.29], [388.13, 813.42]], ""image_width"": 960, ""image_height"": 1280}",outdoor,fingers
replay_1042.jpeg,"{""label"": ""receipt"", ""shape_type"": ""polygon"", ""points"": [[284.9, 272.52], [716.39, 266.32], [695.74, 970.32], [210.58, 926.97]], ""image_width"": 960, ""image_height"": 1280}",outdoor,fingers
replay_1043.jpeg,"{""label"": ""receipt"", ""shape_type"": ""polygon"", ""points"": [[86.71, 379.87], [883.61, 317.94], [889.81, 912.52], [128.0, 885.68]], ""image_width"": 960, ""image_height"": 1280}",outdoor,without_fingers
replay_1044.jpeg,"{""label"": ""receipt"", ""shape_type"": ""polygon"", ""points"": [[235.35, 231.23], [751.48, 173.42], [782.45, 1050.84], [196.13, 1048.77]], ""image_width"": 960, ""image_height"": 1280}",indoor,without_fingers
replay_1045.jpeg,"{""label"": ""receipt"", ""shape_type"": ""polygon"", ""points"": [[297.29, 317.94], [817.55, 297.29], [794.84, 1019.87], [371.61, 1038.45]], ""image_width"": 960, ""image_height"": 1280}",indoor,
replay_1046.jpeg,"{""label"": ""receipt"", ""shape_type"": ""polygon"", ""points"": [[289.03, 386.06], [623.48, 443.87], [569.81, 867.1], [183.74, 867.1]], ""image_width"": 960, ""image_height"": 1280}",outdoor,
replay_1047.jpeg,"{""label"": ""receipt"", ""shape_type"": ""polygon"", ""points"": [[270.45, 406.71], [755.61, 307.61], [792.77, 1001.29], [334.45, 993.03]], ""image_width"": 960, ""image_height"": 1280}",outdoor,fingers
replay_1048.jpeg,"{""label"": ""receipt"", ""shape_type"": ""polygon"", ""points"": [[178.87, 211.69], [922.26, 123.08], [971.49, 623.59], [288.82, 702.36]], ""image_width"": 1280, ""image_height"": 960}",indoor,without_fingers
replay_1049.jpeg,"{""label"": ""receipt"", ""shape_type"": ""polygon"", ""points"": [[269.13, 265.85], [971.49, 278.97], [984.62, 679.38], [290.46, 659.69]], ""image_width"": 1280, ""image_height"": 960}",indoor,without_fingers
replay_1050.jpeg,"{""label"": ""receipt"", ""shape_type"": ""polygon"", ""points"": [[195.28, 233.03], [955.08, 277.33], [923.9, 684.31], [182.15, 643.28]], ""image_width"": 1280, ""image_height"": 960}",outdoor,without_fingers
replay_1051.jpeg,"{""label"": ""receipt"", ""shape_type"": ""polygon"", ""points"": [[218.26, 198.56], [974.77, 146.05], [955.08, 640.0], [251.08, 662.97]], ""image_width"": 1280, ""image_height"": 960}",outdoor,
replay_1052.jpeg,"{""label"": ""receipt"", ""shape_type"": ""polygon"", ""points"": [[97.03, 398.45], [953.81, 274.58], [949.68, 924.9], [200.26, 953.81]], ""image_width"": 960, ""image_height"": 1280}",indoor,without_fingers
replay_1053.jpeg,"{""label"": ""receipt"", ""shape_type"": ""polygon"", ""points"": [[201.85, 213.33], [964.92, 162.46], [946.87, 682.67], [236.31, 664.62]], ""image_width"": 1280, ""image_height"": 960}",outdoor,without_fingers
replay_1054.jpeg,"{""label"": ""receipt"", ""shape_type"": ""polygon"", ""points"": [[244.51, 249.44], [1001.03, 159.18], [979.69, 674.46], [331.49, 687.59]], ""image_width"": 1280, ""image_height"": 960}",outdoor,without_fingers
replay_1055.jpeg,"{""label"": ""receipt"", ""shape_type"": ""polygon"", ""points"": [[227.1, 406.71], [590.45, 365.42], [673.03, 1003.35], [353.03, 1042.58]], ""image_width"": 960, ""image_height"": 1280}",outdoor,without_fingers
replay_1056.jpeg,"{""label"": ""receipt"", ""shape_type"": ""polygon"", ""points"": [[353.03, 324.13], [745.29, 315.87], [778.32, 1036.39], [404.65, 999.23]], ""image_width"": 960, ""image_height"": 1280}",outdoor,fingers
replay_1057.jpeg,"{""label"": ""receipt"", ""shape_type"": ""polygon"", ""points"": [[286.97, 340.65], [790.71, 445.94], [681.29, 914.58], [284.9, 877.42]], ""image_width"": 960, ""image_height"": 1280}",outdoor,without_fingers
replay_1058.jpeg,"{""label"": ""receipt"", ""shape_type"": ""polygon"", ""points"": [[299.35, 309.68], [805.16, 185.81], [720.52, 1143.74], [297.29, 1069.42]], ""image_width"": 960, ""image_height"": 1280}",outdoor,fingers
replay_1059.jpeg,"{""label"": ""receipt"", ""shape_type"": ""polygon"", ""points"": [[289.03, 256.0], [786.58, 245.68], [776.26, 1015.74], [299.35, 999.23]], ""image_width"": 960, ""image_height"": 1280}",outdoor,fingers
replay_1060.jpeg,"{""label"": ""receipt"", ""shape_type"": ""polygon"", ""points"": [[268.39, 431.48], [749.42, 353.03], [788.65, 1083.87], [253.94, 1083.87]], ""image_width"": 960, ""image_height"": 1280}",outdoor,fingers
replay_1061.jpeg,"{""label"": ""receipt"", ""shape_type"": ""polygon"", ""points"": [[222.97, 158.97], [734.97, 144.52], [728.77, 1054.97], [274.58, 1038.45]], ""image_width"": 960, ""image_height"": 1280}",outdoor,fingers
replay_1062.jpeg,"{""label"": ""receipt"", ""shape_type"": ""polygon"", ""points"": [[35.1, 342.71], [951.74, 165.16], [951.74, 749.42], [101.16, 838.19]], ""image_width"": 960, ""image_height"": 1280}",outdoor,without_fingers
replay_1063.jpeg,"{""label"": ""receipt"", ""shape_type"": ""polygon"", ""points"": [[262.56, 269.13], [1089.64, 113.23], [1114.26, 539.9], [306.87, 630.15]], ""image_width"": 1280, ""image_height"": 960}",outdoor,without_fingers
replay_1064.jpeg,"{""label"": ""receipt"", ""shape_type"": ""polygon"", ""points"": [[175.48, 192.0], [741.16, 142.45], [706.06, 1061.16], [237.42, 1069.42]], ""image_width"": 960, ""image_height"": 1280}",outdoor,fingers
replay_1065.jpeg,"{""label"": ""receipt"", ""shape_type"": ""polygon"", ""points"": [[171.35, 194.06], [743.23, 142.45], [699.87, 1061.16], [225.03, 1081.81]], ""image_width"": 960, ""image_height"": 1280}",outdoor,fingers
replay_1066.jpeg,"{""label"": ""receipt"", ""shape_type"": ""polygon"", ""points"": [[233.29, 377.81], [699.87, 408.77], [640.0, 1036.39], [222.97, 960.0]], ""image_width"": 960, ""image_height"": 1280}",indoor,without_fingers
replay_1067.jpeg,"{""label"": ""receipt"", ""shape_type"": ""polygon"", ""points"": [[125.94, 563.61], [604.9, 542.97], [683.35, 1143.74], [200.26, 1141.68]], ""image_width"": 960, ""image_height"": 1280}",indoor,without_fingers
replay_1068.jpeg,"{""label"": ""receipt"", ""shape_type"": ""polygon"", ""points"": [[257.64, 308.51], [1043.69, 262.56], [969.85, 713.85], [244.51, 718.77]], ""image_width"": 1280, ""image_height"": 960}",indoor,without_fingers
replay_1069.jpeg,"{""label"": ""receipt"", ""shape_type"": ""polygon"", ""points"": [[321.64, 293.74], [1138.87, 456.21], [818.87, 827.08], [267.49, 541.54]], ""image_width"": 1280, ""image_height"": 960}",indoor,without_fingers
replay_1070.jpeg,"{""label"": ""receipt"", ""shape_type"": ""polygon"", ""points"": [[410.26, 390.56], [1063.38, 297.03], [1137.23, 592.41], [413.54, 694.15]], ""image_width"": 1280, ""image_height"": 960}",indoor,without_fingers
replay_1071.jpeg,"{""label"": ""receipt"", ""shape_type"": ""polygon"", ""points"": [[136.26, 132.13], [745.29, 109.42], [716.39, 1092.13], [206.45, 1077.68]], ""image_width"": 960, ""image_height"": 1280}",indoor,without_fingers
replay_1072.jpeg,"{""label"": ""receipt"", ""shape_type"": ""polygon"", ""points"": [[253.94, 315.87], [588.39, 274.58], [637.94, 1139.61], [326.19, 1176.77]], ""image_width"": 960, ""image_height"": 1280}",indoor,
replay_1073.jpeg,"{""label"": ""receipt"", ""shape_type"": ""polygon"", ""points"": [[204.39, 204.39], [650.32, 216.77], [615.23, 951.74], [233.29, 832.0]], ""image_width"": 960, ""image_height"": 1280}",indoor,
replay_1074.jpeg,"{""label"": ""receipt"", ""shape_type"": ""polygon"", ""points"": [[105.29, 425.29], [606.97, 274.58], [617.29, 1021.94], [196.13, 995.1]], ""image_width"": 960, ""image_height"": 1280}",indoor,fingers
replay_1075.jpeg,"{""label"": ""receipt"", ""shape_type"": ""polygon"", ""points"": [[175.48, 210.58], [774.19, 173.42], [728.77, 1081.81], [268.39, 1046.71]], ""image_width"": 960, ""image_height"": 1280}",indoor,fingers
replay_1076.jpeg,"{""label"": ""receipt"", ""shape_type"": ""polygon"", ""points"": [[543.18, 105.03], [996.1, 108.31], [973.13, 856.62], [512.0, 805.74]], ""image_width"": 1280, ""image_height"": 960}",indoor,fingers
replay_1077.jpeg,"{""label"": ""receipt"", ""shape_type"": ""polygon"", ""points"": [[313.44, 367.59], [958.36, 274.05], [973.13, 648.21], [411.9, 671.18]], ""image_width"": 1280, ""image_height"": 960}",indoor,fingers
replay_1078.jpeg,"{""label"": ""receipt"", ""shape_type"": ""polygon"", ""points"": [[221.54, 203.49], [1096.21, 203.49], [1102.77, 730.26], [195.28, 705.64]], ""image_width"": 1280, ""image_height"": 960}",indoor,fingers
replay_1079.jpeg,"{""label"": ""receipt"", ""shape_type"": ""polygon"", ""points"": [[51.61, 196.13], [728.77, 169.29], [817.55, 1143.74], [113.55, 1129.29]], ""image_width"": 960, ""image_height"": 1280}",indoor,without_fingers
replay_1080.jpeg,"{""label"": ""receipt"", ""shape_type"": ""polygon"", ""points"": [[357.74, 242.87], [854.97, 200.21], [877.95, 677.74], [402.05, 713.85]], ""image_width"": 1280, ""image_height"": 960}",indoor,without_fingers
replay_1081.jpeg,"{""label"": ""receipt"", ""shape_type"": ""polygon"", ""points"": [[152.77, 200.26], [695.74, 152.77], [695.74, 1207.74], [258.06, 1195.35]], ""image_width"": 960, ""image_height"": 1280}",indoor,fingers
replay_1082.jpeg,"{""label"": ""receipt"", ""shape_type"": ""polygon"", ""points"": [[247.74, 344.77], [734.97, 363.35], [774.19, 1059.1], [247.74, 1052.9]], ""image_width"": 960, ""image_height"": 1280}",indoor,fingers
replay_1083.jpeg,"{""label"": ""receipt"", ""shape_type"": ""polygon"", ""points"": [[123.87, 270.45], [832.0, 202.32], [798.97, 1019.87], [189.94, 986.84]], ""image_width"": 960, ""image_height"": 1280}",indoor,fingers
replay_1084.jpeg,"{""label"": ""receipt"", ""shape_type"": ""polygon"", ""points"": [[286.97, 322.06], [617.29, 313.81], [615.23, 972.39], [315.87, 964.13]], ""image_width"": 960, ""image_height"": 1280}",indoor,without_fingers
replay_1085.jpeg,"{""label"": ""receipt"", ""shape_type"": ""polygon"", ""points"": [[266.32, 251.87], [677.16, 241.55], [640.0, 1048.77], [280.77, 1032.26]], ""image_width"": 960, ""image_height"": 1280}",indoor,fingers
replay_1086.jpeg,"{""label"": ""receipt"", ""shape_type"": ""polygon"", ""points"": [[216.77, 161.03], [834.06, 169.29], [776.26, 1226.32], [229.16, 1191.23]], ""image_width"": 960, ""image_height"": 1280}",indoor,without_fingers
replay_1087.jpeg,"{""label"": ""receipt"", ""shape_type"": ""polygon"", ""points"": [[136.26, 74.32], [792.77, 22.71], [784.52, 1154.06], [235.35, 1104.52]], ""image_width"": 960, ""image_height"": 1280}",indoor,fingers
replay_1088.jpeg,"{""label"": ""receipt"", ""shape_type"": ""polygon"", ""points"": [[179.61, 295.23], [621.42, 117.68], [685.42, 1069.42], [192.0, 1054.97]], ""image_width"": 960, ""image_height"": 1280}",indoor,fingers
replay_1089.jpeg,"{""label"": ""receipt"", ""shape_type"": ""polygon"", ""points"": [[363.35, 582.19], [631.74, 553.29], [664.77, 1021.94], [392.26, 1007.48]], ""image_width"": 960, ""image_height"": 1280}",indoor,without_fingers
replay_1090.jpeg,"{""label"": ""receipt"", ""shape_type"": ""polygon"", ""points"": [[88.77, 476.9], [780.39, 394.32], [743.23, 931.1], [179.61, 945.55]], ""image_width"": 960, ""image_height"": 1280}",indoor,fingers
replay_1091.jpeg,"{""label"": ""receipt"", ""shape_type"": ""polygon"", ""points"": [[43.35, 425.29], [908.39, 363.35], [844.39, 893.94], [113.55, 869.16]], ""image_width"": 960, ""image_height"": 1280}",indoor,fingers
replay_1092.jpeg,"{""label"": ""receipt"", ""shape_type"": ""polygon"", ""points"": [[185.81, 350.97], [656.52, 299.35], [687.48, 912.52], [251.87, 951.74]], ""image_width"": 960, ""image_height"": 1280}",indoor,fingers
replay_1093.jpeg,"{""label"": ""receipt"", ""shape_type"": ""polygon"", ""points"": [[101.16, 202.32], [776.26, 117.68], [722.58, 879.48], [268.39, 937.29]], ""image_width"": 960, ""image_height"": 1280}",indoor,fingers
replay_1094.jpeg,"{""label"": ""receipt"", ""shape_type"": ""polygon"", ""points"": [[272.41, 121.44], [1056.82, 95.18], [1173.33, 661.33], [221.54, 685.95]], ""image_width"": 1280, ""image_height"": 960}",indoor,without_fingers
replay_1095.jpeg,"{""label"": ""receipt"", ""shape_type"": ""polygon"", ""points"": [[196.13, 332.39], [877.42, 344.77], [838.19, 786.58], [212.65, 768.0]], ""image_width"": 960, ""image_height"": 1280}",indoor,without_fingers
replay_1096.jpeg,"{""label"": ""receipt"", ""shape_type"": ""polygon"", ""points"": [[140.39, 534.71], [951.74, 322.06], [848.52, 867.1], [171.35, 883.61]], ""image_width"": 960, ""image_height"": 1280}",indoor,without_fingers
replay_1097.jpeg,"{""label"": ""receipt"", ""shape_type"": ""polygon"", ""points"": [[156.9, 359.23], [747.35, 396.39], [716.39, 1158.19], [249.81, 920.77]], ""image_width"": 960, ""image_height"": 1280}",indoor,fingers
replay_1098.jpeg,"{""label"": ""receipt"", ""shape_type"": ""polygon"", ""points"": [[189.94, 194.06], [819.61, 175.48], [761.81, 1187.1], [258.06, 1129.29]], ""image_width"": 960, ""image_height"": 1280}",indoor,fingers
replay_1099.jpeg,"{""label"": ""receipt"", ""shape_type"": ""polygon"", ""points"": [[124.72, 233.03], [1163.49, 254.36], [1174.97, 786.05], [239.59, 748.31]], ""image_width"": 1280, ""image_height"": 960}",indoor,fingers
replay_1100.jpeg,"{""label"": ""receipt"", ""shape_type"": ""polygon"", ""points"": [[150.71, 262.19], [685.42, 61.94], [596.65, 1081.81], [154.84, 1096.26]], ""image_width"": 960, ""image_height"": 1280}",indoor,without_fingers
replay_1101.jpeg,"{""label"": ""receipt"", ""shape_type"": ""polygon"", ""points"": [[177.55, 284.9], [685.42, 2.06], [623.48, 1164.39], [194.06, 1118.97]], ""image_width"": 960, ""image_height"": 1280}",indoor,fingers
replay_1102.jpeg,"{""label"": ""receipt"", ""shape_type"": ""polygon"", ""points"": [[167.23, 289.03], [679.23, 303.48], [670.97, 701.94], [218.84, 825.81]], ""image_width"": 960, ""image_height"": 1280}",indoor,fingers
replay_1103.jpeg,"{""label"": ""receipt"", ""shape_type"": ""polygon"", ""points"": [[146.58, 402.58], [613.16, 115.61], [576.0, 1205.68], [183.74, 1154.06]], ""image_width"": 960, ""image_height"": 1280}",indoor,fingers
replay_1104.jpeg,"{""label"": ""receipt"", ""shape_type"": ""polygon"", ""points"": [[125.94, 359.23], [741.16, 456.26], [710.19, 1100.39], [158.97, 1129.29]], ""image_width"": 960, ""image_height"": 1280}",indoor,without_fingers
replay_1105.jpeg,"{""label"": ""receipt"", ""shape_type"": ""polygon"", ""points"": [[171.35, 353.03], [580.13, 330.32], [613.16, 1046.71], [262.19, 1092.13]], ""image_width"": 960, ""image_height"": 1280}",indoor,fingers
replay_1106.jpeg,"{""label"": ""receipt"", ""shape_type"": ""polygon"", ""points"": [[218.84, 204.39], [743.23, 212.65], [673.03, 990.97], [276.65, 966.19]], ""image_width"": 960, ""image_height"": 1280}",indoor,fingers
replay_1107.jpeg,"{""label"": ""receipt"", ""shape_type"": ""polygon"", ""points"": [[231.23, 414.97], [594.58, 371.61], [563.61, 988.9], [274.58, 945.55]], ""image_width"": 960, ""image_height"": 1280}",indoor,fingers
replay_1108.jpeg,"{""label"": ""receipt"", ""shape_type"": ""polygon"", ""points"": [[167.23, 90.84], [776.26, 90.84], [730.84, 1026.06], [258.06, 1067.35]], ""image_width"": 960, ""image_height"": 1280}",indoor,fingers
replay_1109.jpeg,"{""label"": ""receipt"", ""shape_type"": ""polygon"", ""points"": [[270.45, 249.81], [747.35, 272.52], [701.94, 984.77], [253.94, 986.84]], ""image_width"": 960, ""image_height"": 1280}",indoor,without_fingers
replay_1110.jpeg,"{""label"": ""receipt"", ""shape_type"": ""polygon"", ""points"": [[183.74, 235.35], [617.29, 208.52], [724.65, 929.03], [173.42, 976.52]], ""image_width"": 960, ""image_height"": 1280}",indoor,fingers
replay_1111.jpeg,"{""label"": ""receipt"", ""shape_type"": ""polygon"", ""points"": [[26.84, 456.26], [819.61, 392.26], [693.68, 887.74], [113.55, 883.61]], ""image_width"": 960, ""image_height"": 1280}",indoor,
replay_1112.jpeg,"{""label"": ""receipt"", ""shape_type"": ""polygon"", ""points"": [[43.35, 485.16], [935.23, 429.42], [798.97, 900.13], [103.23, 906.32]], ""image_width"": 960, ""image_height"": 1280}",indoor,fingers
replay_1113.jpeg,"{""label"": ""receipt"", ""shape_type"": ""polygon"", ""points"": [[200.26, 573.94], [827.87, 571.87], [708.13, 1003.35], [208.52, 964.13]], ""image_width"": 960, ""image_height"": 1280}",indoor,fingers
replay_1114.jpeg,"{""label"": ""receipt"", ""shape_type"": ""polygon"", ""points"": [[222.97, 41.29], [844.39, 301.42], [689.55, 1164.39], [183.74, 1079.74]], ""image_width"": 960, ""image_height"": 1280}",indoor,fingers
replay_1115.jpeg,"{""label"": ""receipt"", ""shape_type"": ""polygon"", ""points"": [[45.42, 433.55], [918.71, 384.0], [877.42, 805.16], [92.9, 858.84]], ""image_width"": 960, ""image_height"": 1280}",indoor,fingers
replay_1116.jpeg,"{""label"": ""receipt"", ""shape_type"": ""polygon"", ""points"": [[253.94, 363.35], [782.45, 317.94], [813.42, 1154.06], [326.19, 1162.32]], ""image_width"": 960, ""image_height"": 1280}",indoor,fingers
replay_1117.jpeg,"{""label"": ""receipt"", ""shape_type"": ""polygon"", ""points"": [[49.55, 256.0], [571.87, 241.55], [668.9, 1125.16], [119.74, 1026.06]], ""image_width"": 960, ""image_height"": 1280}",indoor,without_fingers
replay_1118.jpeg,"{""label"": ""receipt"", ""shape_type"": ""polygon"", ""points"": [[328.26, 233.29], [784.52, 237.42], [724.65, 1032.26], [320.0, 1059.1]], ""image_width"": 960, ""image_height"": 1280}",indoor,without_fingers
replay_1119.jpeg,"{""label"": ""receipt"", ""shape_type"": ""polygon"", ""points"": [[117.68, 187.87], [654.45, 119.74], [801.03, 1028.13], [216.77, 1096.26]], ""image_width"": 960, ""image_height"": 1280}",indoor,without_fingers
replay_1120.jpeg,"{""label"": ""receipt"", ""shape_type"": ""polygon"", ""points"": [[229.16, 208.52], [829.94, 332.39], [677.16, 1083.87], [92.9, 1106.58]], ""image_width"": 960, ""image_height"": 1280}",indoor,fingers
replay_1121.jpeg,"{""label"": ""receipt"", ""shape_type"": ""polygon"", ""points"": [[212.65, 326.19], [751.48, 245.68], [704.0, 968.26], [338.58, 1061.16]], ""image_width"": 960, ""image_height"": 1280}",indoor,fingers
replay_1122.jpeg,"{""label"": ""receipt"", ""shape_type"": ""polygon"", ""points"": [[107.35, 448.0], [732.9, 400.52], [695.74, 1083.87], [179.61, 1123.1]], ""image_width"": 960, ""image_height"": 1280}",indoor,without_fingers
replay_1123.jpeg,"{""label"": ""receipt"", ""shape_type"": ""polygon"", ""points"": [[78.45, 256.0], [765.94, 173.42], [778.32, 1052.9], [194.06, 1073.55]], ""image_width"": 960, ""image_height"": 1280}",indoor,without_fingers
replay_1124.jpeg,"{""label"": ""receipt"", ""shape_type"": ""polygon"", ""points"": [[94.97, 289.03], [695.74, 78.45], [848.52, 1061.16], [258.06, 1015.74]], ""image_width"": 960, ""image_height"": 1280}",indoor,fingers
replay_1125.jpeg,"{""label"": ""receipt"", ""shape_type"": ""polygon"", ""points"": [[179.61, 491.35], [652.39, 346.84], [724.65, 1079.74], [326.19, 1052.9]], ""image_width"": 960, ""image_height"": 1280}",indoor,fingers
replay_1126.jpeg,"{""label"": ""receipt"", ""shape_type"": ""polygon"", ""points"": [[379.08, 134.56], [1104.41, 134.56], [1101.13, 644.92], [283.9, 666.26]], ""image_width"": 1280, ""image_height"": 960}",indoor,without_fingers
replay_1127.jpeg,"{""label"": ""receipt"", ""shape_type"": ""polygon"", ""points"": [[130.06, 303.48], [683.35, 305.55], [689.55, 980.65], [179.61, 815.48]], ""image_width"": 960, ""image_height"": 1280}",indoor,fingers
replay_1128.jpeg,"{""label"": ""receipt"", ""shape_type"": ""polygon"", ""points"": [[299.35, 460.39], [730.84, 381.94], [776.26, 993.03], [363.35, 984.77]], ""image_width"": 960, ""image_height"": 1280}",indoor,fingers
replay_1129.jpeg,"{""label"": ""receipt"", ""shape_type"": ""polygon"", ""points"": [[179.61, 187.87], [801.03, 181.68], [749.42, 1088.0], [235.35, 805.16]], ""image_width"": 960, ""image_height"": 1280}",indoor,without_fingers
replay_1130.jpeg,"{""label"": ""receipt"", ""shape_type"": ""polygon"", ""points"": [[163.1, 293.16], [687.48, 266.32], [635.87, 1092.13], [179.61, 817.55]], ""image_width"": 960, ""image_height"": 1280}",indoor,fingers
replay_1131.jpeg,"{""label"": ""receipt"", ""shape_type"": ""polygon"", ""points"": [[225.03, 441.81], [582.19, 458.32], [557.42, 990.97], [214.71, 1026.06]], ""image_width"": 960, ""image_height"": 1280}",indoor,without_fingers
replay_1132.jpeg,"{""label"": ""receipt"", ""shape_type"": ""polygon"", ""points"": [[344.77, 332.39], [865.03, 342.71], [776.26, 1075.61], [315.87, 997.16]], ""image_width"": 960, ""image_height"": 1280}",indoor,fingers
replay_1133.jpeg,"{""label"": ""receipt"", ""shape_type"": ""polygon"", ""points"": [[237.42, 282.84], [862.97, 173.42], [860.9, 964.13], [307.61, 1036.39]], ""image_width"": 960, ""image_height"": 1280}",indoor,fingers
replay_1134.jpeg,"{""label"": ""receipt"", ""shape_type"": ""polygon"", ""points"": [[326.19, 522.32], [790.71, 433.55], [776.26, 1106.58], [332.39, 1052.9]], ""image_width"": 960, ""image_height"": 1280}",indoor,fingers
replay_1135.jpeg,"{""label"": ""receipt"", ""shape_type"": ""polygon"", ""points"": [[328.26, 530.58], [805.16, 516.13], [809.29, 1104.52], [357.16, 1178.84]], ""image_width"": 960, ""image_height"": 1280}",indoor,fingers
replay_1136.jpeg,"{""label"": ""receipt"", ""shape_type"": ""polygon"", ""points"": [[262.19, 328.26], [844.39, 359.23], [776.26, 1131.35], [262.19, 976.52]], ""image_width"": 960, ""image_height"": 1280}",indoor,without_fingers
replay_1137.jpeg,"{""label"": ""receipt"", ""shape_type"": ""polygon"", ""points"": [[253.94, 272.52], [774.19, 303.48], [743.23, 951.74], [260.13, 893.94]], ""image_width"": 960, ""image_height"": 1280}",indoor,fingers
replay_1138.jpeg,"{""label"": ""receipt"", ""shape_type"": ""polygon"", ""points"": [[245.68, 239.48], [794.84, 107.35], [838.19, 1131.35], [268.39, 1085.94]], ""image_width"": 960, ""image_height"": 1280}",indoor,fingers
replay_1139.jpeg,"{""label"": ""receipt"", ""shape_type"": ""polygon"", ""points"": [[163.1, 243.61], [714.32, 192.0], [807.23, 999.23], [305.55, 1104.52]], ""image_width"": 960, ""image_height"": 1280}",indoor,without_fingers
replay_1140.jpeg,"{""label"": ""receipt"", ""shape_type"": ""polygon"", ""points"": [[299.35, 357.16], [784.52, 171.35], [695.74, 980.65], [278.71, 1061.16]], ""image_width"": 960, ""image_height"": 1280}",indoor,without_fingers
replay_1141.jpeg,"{""label"": ""receipt"", ""shape_type"": ""polygon"", ""points"": [[245.68, 210.58], [737.03, 239.48], [701.94, 1054.97], [218.84, 1044.65]], ""image_width"": 960, ""image_height"": 1280}",indoor,without_fingers
replay_1142.jpeg,"{""label"": ""receipt"", ""shape_type"": ""polygon"", ""points"": [[344.77, 472.77], [825.81, 218.84], [749.42, 1063.23], [286.97, 1090.06]], ""image_width"": 960, ""image_height"": 1280}",indoor,fingers
replay_1143.jpeg,"{""label"": ""receipt"", ""shape_type"": ""polygon"", ""points"": [[260.13, 303.48], [768.0, 289.03], [730.84, 832.0], [278.71, 869.16]], ""image_width"": 960, ""image_height"": 1280}",indoor,fingers
replay_1144.jpeg,"{""label"": ""receipt"", ""shape_type"": ""polygon"", ""points"": [[243.61, 210.58], [865.03, 330.32], [811.35, 1015.74], [328.26, 1021.94]], ""image_width"": 960, ""image_height"": 1280}",indoor,fingers
replay_1145.jpeg,"{""label"": ""receipt"", ""shape_type"": ""polygon"", ""points"": [[317.94, 303.48], [817.55, 243.61], [817.55, 1083.87], [241.55, 1073.55]], ""image_width"": 960, ""image_height"": 1280}",indoor,without_fingers
replay_1146.jpeg,"{""label"": ""receipt"", ""shape_type"": ""polygon"", ""points"": [[152.77, 427.35], [551.23, 448.0], [530.58, 1067.35], [146.58, 1054.97]], ""image_width"": 960, ""image_height"": 1280}",indoor,without_fingers
replay_1147.jpeg,"{""label"": ""receipt"", ""shape_type"": ""polygon"", ""points"": [[411.9, 241.23], [1024.0, 349.54], [1032.21, 731.9], [388.92, 753.23]], ""image_width"": 1280, ""image_height"": 960}",indoor,without_fingers
replay_1148.jpeg,"{""label"": ""receipt"", ""shape_type"": ""polygon"", ""points"": [[181.68, 198.19], [701.94, 233.29], [763.87, 1108.65], [134.19, 1094.19]], ""image_width"": 960, ""image_height"": 1280}",indoor,fingers
replay_1149.jpeg,"{""label"": ""receipt"", ""shape_type"": ""polygon"", ""points"": [[113.55, 175.48], [716.39, 123.87], [648.26, 1024.0], [192.0, 1042.58]], ""image_width"": 960, ""image_height"": 1280}",indoor,fingers
replay_1150.jpeg,"{""label"": ""receipt"", ""shape_type"": ""polygon"", ""points"": [[90.84, 148.65], [743.23, 161.03], [724.65, 1121.03], [169.29, 1085.94]], ""image_width"": 960, ""image_height"": 1280}",indoor,fingers
replay_1151.jpeg,"{""label"": ""receipt"", ""shape_type"": ""polygon"", ""points"": [[192.0, 252.72], [1030.56, 316.72], [1001.03, 754.87], [249.44, 818.87]], ""image_width"": 1280, ""image_height"": 960}",indoor,fingers
replay_1152.jpeg,"{""label"": ""receipt"", ""shape_type"": ""polygon"", ""points"": [[192.0, 309.68], [675.1, 231.23], [701.94, 1143.74]], ""image_width"": 960, ""image_height"": 1280}",indoor,fingers
replay_1153.jpeg,"{""label"": ""receipt"", ""shape_type"": ""polygon"", ""points"": [[431.59, 331.49], [1079.79, 305.23], [1012.51, 740.1], [518.56, 749.95]], ""image_width"": 1280, ""image_height"": 960}",indoor,without_fingers
replay_1154.jpeg,"{""label"": ""receipt"", ""shape_type"": ""polygon"", ""points"": [[306.87, 193.64], [925.54, 86.97], [986.26, 612.1], [347.9, 653.13]], ""image_width"": 1280, ""image_height"": 960}",indoor,fingers
replay_1155.jpeg,"{""label"": ""receipt"", ""shape_type"": ""polygon"", ""points"": [[502.15, 206.77], [1092.92, 323.28], [969.85, 797.54], [395.49, 646.56]], ""image_width"": 1280, ""image_height"": 960}",indoor,without_fingers
replay_1156.jpeg,"{""label"": ""receipt"", ""shape_type"": ""polygon"", ""points"": [[338.58, 324.13], [883.61, 481.03], [734.97, 1110.71], [307.61, 1081.81]], ""image_width"": 960, ""image_height"": 1280}",indoor,without_fingers
replay_1157.jpeg,"{""label"": ""receipt"", ""shape_type"": ""polygon"", ""points"": [[200.26, 119.74], [780.39, 90.84], [821.68, 786.58], [367.48, 898.06]], ""image_width"": 960, ""image_height"": 1280}",indoor,fingers
replay_1158.jpeg,"{""label"": ""receipt"", ""shape_type"": ""polygon"", ""points"": [[270.45, 394.32], [726.71, 404.65], [668.9, 1135.48], [264.26, 1125.16]], ""image_width"": 960, ""image_height"": 1280}",indoor,without_fingers
replay_1159.jpeg,"{""label"": ""receipt"", ""shape_type"": ""polygon"", ""points"": [[245.68, 198.19], [784.52, 165.16], [697.81, 1013.68], [198.19, 1098.32]], ""image_width"": 960, ""image_height"": 1280}",indoor,fingers
replay_1160.jpeg,"{""label"": ""receipt"", ""shape_type"": ""polygon"", ""points"": [[109.42, 229.16], [617.29, 187.87], [681.29, 1100.39], [216.77, 1149.94]], ""image_width"": 960, ""image_height"": 1280}",outdoor,fingers
replay_1161.jpeg,"{""label"": ""receipt"", ""shape_type"": ""polygon"", ""points"": [[303.48, 247.74], [714.32, 229.16], [697.81, 982.71]], ""image_width"": 960, ""image_height"": 1280}",outdoor,without_fingers
replay_1162.jpeg,"{""label"": ""receipt"", ""shape_type"": ""polygon"", ""points"": [[165.16, 526.45], [617.29, 501.68], [611.1, 1059.1], [181.68, 1034.32]], ""image_width"": 960, ""image_height"": 1280}",indoor,without_fingers
replay_1163.jpeg,"{""label"": ""receipt"", ""shape_type"": ""polygon"", ""points"": [[161.03, 309.68], [615.23, 313.81], [646.19, 1088.0], [218.84, 1067.35]], ""image_width"": 960, ""image_height"": 1280}",indoor,fingers
replay_1164.jpeg,"{""label"": ""receipt"", ""shape_type"": ""polygon"", ""points"": [[154.84, 183.74], [734.97, 175.48], [658.58, 1096.26], [183.74, 1102.45]], ""image_width"": 960, ""image_height"": 1280}",outdoor,fingers
replay_1165.jpeg,"{""label"": ""receipt"", ""shape_type"": ""polygon"", ""points"": [[154.84, 478.97], [505.81, 520.26], [421.16, 1195.35], [64.0, 1149.94]], ""image_width"": 960, ""image_height"": 1280}",outdoor,without_fingers
replay_1166.jpeg,"{""label"": ""receipt"", ""shape_type"": ""polygon"", ""points"": [[236.31, 338.05], [992.82, 178.87], [973.13, 743.38], [287.18, 736.82]], ""image_width"": 1280, ""image_height"": 960}",outdoor,without_fingers
replay_1167.jpeg,"{""label"": ""receipt"", ""shape_type"": ""polygon"", ""points"": [[218.26, 137.85], [1148.72, 239.59], [1065.03, 754.87], [170.67, 676.1]], ""image_width"": 1280, ""image_height"": 960}",outdoor,without_fingers
replay_1168.jpeg,"{""label"": ""receipt"", ""shape_type"": ""polygon"", ""points"": [[297.29, 278.71], [840.26, 369.55], [747.35, 1077.68], [222.97, 1065.29]], ""image_width"": 960, ""image_height"": 1280}",outdoor,fingers
replay_1169.jpeg,"{""label"": ""receipt"", ""shape_type"": ""polygon"", ""points"": [[216.77, 313.81], [701.94, 307.61], [664.77, 1075.61], [227.1, 1088.0]], ""image_width"": 960, ""image_height"": 1280}",outdoor,fingers
replay_1170.jpeg,"{""label"": ""receipt"", ""shape_type"": ""polygon"", ""points"": [[313.81, 470.71], [588.39, 452.13], [609.03, 962.06], [355.1, 964.13]], ""image_width"": 960, ""image_height"": 1280}",outdoor,without_fingers
replay_1171.jpeg,"{""label"": ""receipt"", ""shape_type"": ""polygon"", ""points"": [[315.87, 175.48], [774.19, 208.52], [714.32, 1090.06], [156.9, 1098.32]], ""image_width"": 960, ""image_height"": 1280}",outdoor,fingers
replay_1172.jpeg,"{""label"": ""receipt"", ""shape_type"": ""polygon"", ""points"": [[4.92, 218.26], [1043.69, 164.1], [1046.97, 713.85], [55.79, 690.87]], ""image_width"": 1280, ""image_height"": 960}",outdoor,without_fingers
replay_1173.jpeg,"{""label"": ""receipt"", ""shape_type"": ""polygon"", ""points"": [[353.03, 456.26], [753.55, 406.71], [670.97, 1052.9], [307.61, 1019.87]], ""image_width"": 960, ""image_height"": 1280}",outdoor,fingers
replay_1174.jpeg,"{""label"": ""receipt"", ""shape_type"": ""polygon"", ""points"": [[400.52, 367.48], [809.29, 400.52], [747.35, 1034.32], [340.65, 964.13]], ""image_width"": 960, ""image_height"": 1280}",outdoor,fingers
replay_1175.jpeg,"{""label"": ""receipt"", ""shape_type"": ""polygon"", ""points"": [[8.26, 375.74], [805.16, 361.29], [792.77, 902.19], [16.52, 887.74]], ""image_width"": 960, ""image_height"": 1280}",outdoor,without_fingers
replay_1176.jpeg,"{""label"": ""receipt"", ""shape_type"": ""polygon"", ""points"": [[507.08, 283.9], [1114.26, 274.05], [1019.08, 695.79], [487.38, 723.69]], ""image_width"": 1280, ""image_height"": 960}",indoor,without_fingers
replay_1177.jpeg,"{""label"": ""receipt"", ""shape_type"": ""polygon"", ""points"": [[375.74, 313.81], [765.94, 336.52], [701.94, 960.0]], ""image_width"": 960, ""image_height"": 1280}",indoor,without_fingers
replay_1178.jpeg,"{""label"": ""receipt"", ""shape_type"": ""polygon"", ""points"": [[405.33, 172.31], [1096.21, 206.77], [968.21, 690.87], [380.72, 692.51]], ""image_width"": 1280, ""image_height"": 960}",indoor,without_fingers
replay_1179.jpeg,"{""label"": ""receipt"", ""shape_type"": ""polygon"", ""points"": [[290.46, 198.56], [1053.54, 247.79], [1045.33, 649.85], [282.26, 654.77]], ""image_width"": 1280, ""image_height"": 960}",indoor,without_fingers
replay_1180.jpeg,"{""label"": ""receipt"", ""shape_type"": ""polygon"", ""points"": [[341.33, 321.64], [1032.21, 324.92], [1058.46, 758.15], [331.49, 786.05]], ""image_width"": 1280, ""image_height"": 960}",indoor,without_fingers
replay_1181.jpeg,"{""label"": ""receipt"", ""shape_type"": ""polygon"", ""points"": [[218.84, 346.84], [687.48, 245.68], [753.55, 988.9], [293.16, 1026.06]], ""image_width"": 960, ""image_height"": 1280}",indoor,without_fingers
replay_1182.jpeg,"{""label"": ""receipt"", ""shape_type"": ""polygon"", ""points"": [[227.1, 105.29], [850.58, 101.16], [749.42, 1067.35], [165.16, 1123.1]], ""image_width"": 960, ""image_height"": 1280}",indoor,without_fingers
replay_1183.jpeg,"{""label"": ""receipt"", ""shape_type"": ""polygon"", ""points"": [[158.97, 229.16], [724.65, 156.9], [741.16, 1139.61], [154.84, 1205.68]], ""image_width"": 960, ""image_height"": 1280}",indoor,without_fingers
replay_1184.jpeg,"{""label"": ""receipt"", ""shape_type"": ""polygon"", ""points"": [[318.36, 231.38], [1081.44, 213.33], [1066.67, 613.74]], ""image_width"": 1280, ""image_height"": 960}",indoor,without_fingers
replay_1185.jpeg,"{""label"": ""receipt"", ""shape_type"": ""polygon"", ""points"": [[49.55, 338.58], [590.45, 258.06], [693.68, 1063.23], [101.16, 1052.9]], ""image_width"": 960, ""image_height"": 1280}",outdoor,without_fingers
replay_1186.jpeg,"{""label"": ""receipt"", ""shape_type"": ""polygon"", ""points"": [[339.69, 221.54], [1091.28, 213.33], [1106.05, 805.74], [338.05, 635.08]], ""image_width"": 1280, ""image_height"": 960}",indoor,without_fingers
replay_1187.jpeg,"{""label"": ""receipt"", ""shape_type"": ""polygon"", ""points"": [[266.32, 450.06], [704.0, 452.13], [685.42, 1059.1], [253.94, 997.16]], ""image_width"": 960, ""image_height"": 1280}",outdoor,fingers
replay_1188.jpeg,"{""label"": ""receipt"", ""shape_type"": ""polygon"", ""points"": [[361.29, 439.74], [681.29, 390.19], [685.42, 786.58], [369.55, 772.13]], ""image_width"": 960, ""image_height"": 1280}",outdoor,without_fingers
replay_1189.jpeg,"{""label"": ""receipt"", ""shape_type"": ""polygon"", ""points"": [[228.1, 193.64], [1071.59, 154.26], [1069.95, 794.26], [192.0, 728.62]], ""image_width"": 1280, ""image_height"": 960}",outdoor,without_fingers
replay_1190.jpeg,"{""label"": ""receipt"", ""shape_type"": ""polygon"", ""points"": [[258.06, 472.77], [611.1, 462.45], [555.35, 918.71], [284.9, 891.87]], ""image_width"": 960, ""image_height"": 1280}",outdoor,fingers
replay_1191.jpeg,"{""label"": ""receipt"", ""shape_type"": ""polygon"", ""points"": [[253.94, 353.03], [611.1, 396.39], [629.68, 1048.77], [231.23, 1052.9]], ""image_width"": 960, ""image_height"": 1280}",outdoor,without_fingers
replay_1192.jpeg,"{""label"": ""receipt"", ""shape_type"": ""polygon"", ""points"": [[354.46, 229.74], [1033.85, 221.54], [1035.49, 597.33], [364.31, 600.62]], ""image_width"": 1280, ""image_height"": 960}",outdoor,without_fingers
replay_1193.jpeg,"{""label"": ""receipt"", ""shape_type"": ""polygon"", ""points"": [[308.51, 214.97], [1017.44, 213.33], [999.38, 677.74], [303.59, 644.92]], ""image_width"": 1280, ""image_height"": 960}",outdoor,without_fingers
replay_1194.jpeg,"{""label"": ""receipt"", ""shape_type"": ""polygon"", ""points"": [[406.71, 412.9], [759.74, 445.94], [670.97, 1003.35], [326.19, 974.45]], ""image_width"": 960, ""image_height"": 1280}",outdoor,without_fingers
replay_1195.jpeg,"{""label"": ""receipt"", ""shape_type"": ""polygon"", ""points"": [[181.68, 295.23], [666.84, 326.19], [629.68, 1162.32], [169.29, 1118.97]], ""image_width"": 960, ""image_height"": 1280}",outdoor,fingers
replay_1196.jpeg,"{""label"": ""receipt"", ""shape_type"": ""polygon"", ""points"": [[361.29, 545.03], [596.65, 516.13], [580.13, 875.35], [361.29, 881.55]], ""image_width"": 960, ""image_height"": 1280}",outdoor,without_fingers
replay_1197.jpeg,"{""label"": ""receipt"", ""shape_type"": ""polygon"", ""points"": [[192.0, 456.26], [670.97, 419.1], [664.77, 1118.97], [218.84, 1073.55]], ""image_width"": 960, ""image_height"": 1280}",outdoor,fingers
replay_1198.jpeg,"{""label"": ""receipt"", ""shape_type"": ""polygon"", ""points"": [[111.48, 355.1], [701.94, 282.84], [691.61, 1149.94]], ""image_width"": 960, ""image_height"": 1280}",outdoor,fingers
replay_1199.jpeg,"{""label"": ""receipt"", ""shape_type"": ""polygon"", ""points"": [[355.1, 433.55], [759.74, 357.16], [805.16, 978.58], [427.35, 1013.68]], ""image_width"": 960, ""image_height"": 1280}",outdoor,fingers
replay_1200.jpeg,"{""label"": ""receipt"", ""shape_type"": ""polygon"", ""points"": [[227.1, 359.23], [611.1, 367.48], [594.58, 1021.94], [231.23, 1017.81]], ""image_width"": 960, ""image_height"": 1280}",outdoor,fingers
replay_1201.jpeg,"{""label"": ""receipt"", ""shape_type"": ""polygon"", ""points"": [[121.81, 545.03], [714.32, 458.32], [768.0, 931.1], [128.0, 953.81]], ""image_width"": 960, ""image_height"": 1280}",outdoor,fingers
replay_1202.jpeg,"{""label"": ""receipt"", ""shape_type"": ""polygon"", ""points"": [[61.94, 421.16], [640.0, 402.58], [627.61, 964.13], [152.77, 993.03]], ""image_width"": 960, ""image_height"": 1280}",outdoor,without_fingers
replay_1203.jpeg,"{""label"": ""receipt"", ""shape_type"": ""polygon"", ""points"": [[297.29, 365.42], [706.06, 402.58], [670.97, 937.29]], ""image_width"": 960, ""image_height"": 1280}",outdoor,fingers
replay_1204.jpeg,"{""label"": ""receipt"", ""shape_type"": ""polygon"", ""points"": [[348.9, 305.55], [734.97, 346.84], [730.84, 825.81], [320.0, 782.45]], ""image_width"": 960, ""image_height"": 1280}",outdoor,fingers
replay_1205.jpeg,"{""label"": ""receipt"", ""shape_type"": ""polygon"", ""points"": [[156.9, 530.58], [794.84, 509.94], [765.94, 862.97], [163.1, 881.55]], ""image_width"": 960, ""image_height"": 1280}",outdoor,fingers
replay_1206.jpeg,"{""label"": ""receipt"", ""shape_type"": ""polygon"", ""points"": [[101.16, 551.23], [875.35, 448.0], [871.23, 1102.45], [84.65, 976.52]], ""image_width"": 960, ""image_height"": 1280}",outdoor,without_fingers
replay_1207.jpeg,"{""label"": ""receipt"", ""shape_type"": ""polygon"", ""points"": [[185.81, 359.23], [563.61, 361.29], [522.32, 933.16], [169.29, 918.71]], ""image_width"": 960, ""image_height"": 1280}",outdoor,fingers
replay_1208.jpeg,"{""label"": ""receipt"", ""shape_type"": ""polygon"", ""points"": [[249.81, 202.32], [796.9, 144.52], [728.77, 955.87], [243.61, 922.84]], ""image_width"": 960, ""image_height"": 1280}",outdoor,fingers
replay_1209.jpeg,"{""label"": ""receipt"", ""shape_type"": ""polygon"", ""points"": [[282.84, 282.84], [749.42, 270.45], [765.94, 1048.77], [235.35, 1061.16]], ""image_width"": 960, ""image_height"": 1280}",outdoor,without_fingers
replay_1210.jpeg,"{""label"": ""receipt"", ""shape_type"": ""polygon"", ""points"": [[198.19, 350.97], [637.94, 295.23], [629.68, 1059.1], [264.26, 1032.26]], ""image_width"": 960, ""image_height"": 1280}",outdoor,fingers
replay_1211.jpeg,"{""label"": ""receipt"", ""shape_type"": ""polygon"", ""points"": [[183.74, 322.06], [668.9, 276.65], [644.13, 1094.19], [274.58, 1063.23]], ""image_width"": 960, ""image_height"": 1280}",outdoor,fingers
replay_1212.jpeg,"{""label"": ""receipt"", ""shape_type"": ""polygon"", ""points"": [[437.68, 538.84], [737.03, 538.84], [741.16, 1011.61], [437.68, 995.1]], ""image_width"": 960, ""image_height"": 1280}",outdoor,fingers
replay_1213.jpeg,"{""label"": ""receipt"", ""shape_type"": ""polygon"", ""points"": [[334.45, 520.26], [648.26, 514.06], [644.13, 1011.61], [324.13, 1069.42]], ""image_width"": 960, ""image_height"": 1280}",outdoor,fingers
replay_1214.jpeg,"{""label"": ""receipt"", ""shape_type"": ""polygon"", ""points"": [[256.0, 320.0], [801.03, 187.87], [805.16, 955.87], [334.45, 951.74]], ""image_width"": 960, ""image_height"": 1280}",indoor,fingers
replay_1215.jpeg,"{""label"": ""receipt"", ""shape_type"": ""polygon"", ""points"": [[328.26, 315.87], [821.68, 458.32], [761.81, 949.68], [282.84, 962.06]], ""image_width"": 960, ""image_height"": 1280}",indoor,fingers
replay_1216.jpeg,"{""label"": ""receipt"", ""shape_type"": ""polygon"", ""points"": [[266.32, 476.9], [710.19, 443.87], [695.74, 1094.19], [274.58, 1073.55]], ""image_width"": 960, ""image_height"": 1280}",indoor,without_fingers
replay_1217.jpeg,"{""label"": ""receipt"", ""shape_type"": ""polygon"", ""points"": [[146.58, 115.61], [910.45, 117.68], [732.9, 1263.48], [258.06, 1242.84]], ""image_width"": 960, ""image_height"": 1280}",indoor,without_fingers
replay_1218.jpeg,"{""label"": ""receipt"", ""shape_type"": ""polygon"", ""points"": [[233.29, 196.13], [801.03, 243.61], [646.19, 1213.94], [214.71, 1147.87]], ""image_width"": 960, ""image_height"": 1280}",indoor,without_fingers
replay_1219.jpeg,"{""label"": ""receipt"", ""shape_type"": ""polygon"", ""points"": [[213.33, 214.97], [1037.13, 165.74], [1002.67, 715.49], [256.0, 638.36]], ""image_width"": 1280, ""image_height"": 960}",indoor,without_fingers
replay_1220.jpeg,"{""label"": ""receipt"", ""shape_type"": ""polygon"", ""points"": [[315.87, 301.42], [842.32, 307.61], [856.77, 1063.23], [311.74, 1061.16]], ""image_width"": 960, ""image_height"": 1280}",indoor,fingers
replay_1221.jpeg,"{""label"": ""receipt"", ""shape_type"": ""polygon"", ""points"": [[392.21, 214.97], [1125.74, 160.82], [1088.0, 607.18], [336.41, 548.1]], ""image_width"": 1280, ""image_height"": 960}",indoor,without_fingers
replay_1222.jpeg,"{""label"": ""receipt"", ""shape_type"": ""polygon"", ""points"": [[369.55, 336.52], [730.84, 307.61], [726.71, 943.48], [394.32, 931.1]], ""image_width"": 960, ""image_height"": 1280}",outdoor,fingers
replay_1223.jpeg,"{""label"": ""receipt"", ""shape_type"": ""polygon"", ""points"": [[202.32, 458.32], [757.68, 412.9], [609.03, 1195.35], [216.77, 1137.55]], ""image_width"": 960, ""image_height"": 1280}",outdoor,fingers
replay_1224.jpeg,"{""label"": ""receipt"", ""shape_type"": ""polygon"", ""points"": [[320.0, 493.42], [685.42, 489.29], [633.81, 1046.71]], ""image_width"": 960, ""image_height"": 1280}",outdoor,without_fingers
replay_1225.jpeg,"{""label"": ""receipt"", ""shape_type"": ""polygon"", ""points"": [[169.29, 245.68], [701.94, 198.19], [635.87, 1015.74], [163.1, 990.97]], ""image_width"": 960, ""image_height"": 1280}",outdoor,fingers
replay_1226.jpeg,"{""label"": ""receipt"", ""shape_type"": ""polygon"", ""points"": [[266.32, 249.81], [821.68, 243.61], [648.26, 1090.06], [256.0, 1059.1]], ""image_width"": 960, ""image_height"": 1280}",outdoor,without_fingers
replay_1227.jpeg,"{""label"": ""receipt"", ""shape_type"": ""polygon"", ""points"": [[132.13, 280.77], [644.13, 175.48], [718.45, 1104.52], [264.26, 1083.87]], ""image_width"": 960, ""image_height"": 1280}",outdoor,fingers
replay_1228.jpeg,"{""label"": ""receipt"", ""shape_type"": ""polygon"", ""points"": [[297.29, 384.0], [745.29, 419.1], [675.1, 1061.16], [330.32, 1036.39]], ""image_width"": 960, ""image_height"": 1280}",outdoor,fingers
replay_1229.jpeg,"{""label"": ""receipt"", ""shape_type"": ""polygon"", ""points"": [[216.77, 350.97], [561.55, 332.39], [567.74, 960.0], [204.39, 976.52]], ""image_width"": 960, ""image_height"": 1280}",outdoor,fingers
replay_1230.jpeg,"{""label"": ""receipt"", ""shape_type"": ""polygon"", ""points"": [[348.9, 295.23], [803.1, 305.55], [768.0, 1149.94], [357.16, 1102.45]], ""image_width"": 960, ""image_height"": 1280}",outdoor,fingers
replay_1231.jpeg,"{""label"": ""receipt"", ""shape_type"": ""polygon"", ""points"": [[173.42, 305.55], [660.65, 293.16], [619.35, 1063.23], [179.61, 1009.55]], ""image_width"": 960, ""image_height"": 1280}",outdoor,fingers
replay_1232.jpeg,"{""label"": ""receipt"", ""shape_type"": ""polygon"", ""points"": [[196.13, 272.52], [689.55, 227.1], [761.81, 1213.94], [293.16, 1160.26]], ""image_width"": 960, ""image_height"": 1280}",indoor,fingers
replay_1233.jpeg,"{""label"": ""receipt"", ""shape_type"": ""polygon"", ""points"": [[295.23, 225.03], [714.32, 212.65], [747.35, 1211.87]], ""image_width"": 960, ""image_height"": 1280}",indoor,without_fingers
replay_1234.jpeg,"{""label"": ""receipt"", ""shape_type"": ""polygon"", ""points"": [[121.81, 251.87], [687.48, 229.16], [726.71, 1114.84], [185.81, 1102.45]], ""image_width"": 960, ""image_height"": 1280}",indoor,without_fingers
replay_1235.jpeg,"{""label"": ""receipt"", ""shape_type"": ""polygon"", ""points"": [[322.06, 456.26], [656.52, 478.97], [609.03, 968.26], [276.65, 937.29]], ""image_width"": 960, ""image_height"": 1280}",indoor,without_fingers
replay_1236.jpeg,"{""label"": ""receipt"", ""shape_type"": ""polygon"", ""points"": [[315.87, 253.94], [656.52, 235.35], [691.61, 916.65]], ""image_width"": 960, ""image_height"": 1280}",indoor,without_fingers
replay_1237.jpeg,"{""label"": ""receipt"", ""shape_type"": ""polygon"", ""points"": [[249.81, 402.58], [652.39, 412.9], [635.87, 1038.45]], ""image_width"": 960, ""image_height"": 1280}",indoor,fingers
replay_1238.jpeg,"{""label"": ""receipt"", ""shape_type"": ""polygon"", ""points"": [[373.68, 264.26], [732.9, 322.06], [734.97, 1017.81], [346.84, 984.77]], ""image_width"": 960, ""image_height"": 1280}",indoor,without_fingers
replay_1239.jpeg,"{""label"": ""receipt"", ""shape_type"": ""polygon"", ""points"": [[338.58, 421.16], [706.06, 450.06], [611.1, 1139.61], [355.1, 1131.35]], ""image_width"": 960, ""image_height"": 1280}",indoor,fingers
replay_1240.jpeg,"{""label"": ""receipt"", ""shape_type"": ""polygon"", ""points"": [[311.74, 206.45], [730.84, 192.0], [691.61, 1094.19], [342.71, 1077.68]], ""image_width"": 960, ""image_height"": 1280}",indoor,fingers
replay_1241.jpeg,"{""label"": ""receipt"", ""shape_type"": ""polygon"", ""points"": [[196.13, 419.1], [730.84, 414.97], [730.84, 1046.71], [251.87, 1036.39]], ""image_width"": 960, ""image_height"": 1280}",indoor,fingers
replay_1242.jpeg,"{""label"": ""receipt"", ""shape_type"": ""polygon"", ""points"": [[364.31, 277.33], [1043.69, 295.38], [996.1, 712.21], [361.03, 662.97]], ""image_width"": 1280, ""image_height"": 960}",indoor,without_fingers
replay_1243.jpeg,"{""label"": ""receipt"", ""shape_type"": ""polygon"", ""points"": [[307.61, 276.65], [761.81, 258.06], [739.1, 1108.65], [280.77, 1092.13]], ""image_width"": 960, ""image_height"": 1280}",indoor,without_fingers
replay_1244.jpeg,"{""label"": ""receipt"", ""shape_type"": ""polygon"", ""points"": [[264.26, 330.32], [774.19, 253.94], [838.19, 986.84], [367.48, 1048.77]], ""image_width"": 960, ""image_height"": 1280}",indoor,fingers
replay_1245.jpeg,"{""label"": ""receipt"", ""shape_type"": ""polygon"", ""points"": [[388.13, 402.58], [846.45, 427.35], [790.71, 1059.1], [375.74, 1005.42]], ""image_width"": 960, ""image_height"": 1280}",indoor,fingers
replay_1246.jpeg,"{""label"": ""receipt"", ""shape_type"": ""polygon"", ""points"": [[353.03, 344.77], [677.16, 361.29], [606.97, 1092.13], [309.68, 1052.9]], ""image_width"": 960, ""image_height"": 1280}",indoor,fingers
replay_1247.jpeg,"{""label"": ""receipt"", ""shape_type"": ""polygon"", ""points"": [[441.81, 538.84], [718.45, 547.1], [683.35, 935.23], [429.42, 926.97]], ""image_width"": 960, ""image_height"": 1280}",indoor,fingers
replay_1248.jpeg,"{""label"": ""receipt"", ""shape_type"": ""polygon"", ""points"": [[202.32, 249.81], [792.77, 123.87], [852.65, 1032.26], [334.45, 1090.06]], ""image_width"": 960, ""image_height"": 1280}",indoor,fingers
replay_1249.jpeg,"{""label"": ""receipt"", ""shape_type"": ""polygon"", ""points"": [[425.29, 289.03], [749.42, 253.94], [732.9, 794.84], [431.48, 821.68]], ""image_width"": 960, ""image_height"": 1280}",indoor,fingers
replay_1250.jpeg,"{""label"": ""receipt"", ""shape_type"": ""polygon"", ""points"": [[270.45, 381.94], [590.45, 384.0], [650.32, 906.32], [332.39, 893.94]], ""image_width"": 960, ""image_height"": 1280}",indoor,fingers
replay_1251.jpeg,,indoor,fingers
